sample_id,image_path,vehicle_id,pair_id,view,width,height,body_mask,windshield_mask,bogie_mask,door_mask,keypoint_path,valid_body,valid_windshield,valid_bogie,valid_door,valid_nose_tip,source_raw
front_c0210454,images/front_c0210454.jpg,CJ1_-_06_-FrontSide,c0210454,front,1179,1080,masks/body/front_c0210454.png,masks/windshield/front_c0210454.png,,,keypoints/front_c0210454.json,1,1,0,0,1,D:\.bb\prepared_front
front_c0595a09,images/front_c0595a09.jpeg,C300BF-K-0001-05-FrontSide,c0595a09,front,966,1080,masks/body/front_c0595a09.png,masks/windshield/front_c0595a09.png,,,keypoints/front_c0595a09.json,1,1,0,0,1,D:\.bb\prepared_front
front_c06956a5,images/front_c06956a5.jpg,NYJ1-7001A-Side_Front,c06956a5,front,1342,1080,masks/body/front_c06956a5.png,masks/windshield/front_c06956a5.png,,,keypoints/front_c06956a5.json,1,1,0,0,1,D:\.bb\prepared_front
front_c114f990,images/front_c114f990.jpg,CRH2_2-Side_Front,c114f990,front,1088,1080,masks/body/front_c114f990.png,masks/windshield/front_c114f990.png,,,keypoints/front_c114f990.json,1,1,0,0,1,D:\.bb\prepared_front
front_c13e8906,images/front_c13e8906.jpg,DJF1_10_Front_Side,c13e8906,front,1087,1080,masks/body/front_c13e8906.png,masks/windshield/front_c13e8906.png,,,keypoints/front_c13e8906.json,1,1,0,0,1,D:\.bb\prepared_front
front_c160cbda,images/front_c160cbda.jpg,KDZ1_05_FrontSide,c160cbda,front,1128,1080,masks/body/front_c160cbda.png,masks/windshield/front_c160cbda.png,,,keypoints/front_c160cbda.json,1,1,0,0,1,D:\.bb\prepared_front
front_c200e5c1,images/front_c200e5c1.jpeg,CRH3C-08-FrontSide,c200e5c1,front,1080,1080,masks/body/front_c200e5c1.png,masks/windshield/front_c200e5c1.png,,,keypoints/front_c200e5c1.json,1,1,0,0,1,D:\.bb\prepared_front
front_c243126c,images/front_c243126c.jpeg,CRH2E_front_side.008,c243126c,front,1008,1080,masks/body/front_c243126c.png,masks/windshield/front_c243126c.png,,,keypoints/front_c243126c.json,1,1,0,0,1,D:\.bb\prepared_front
front_c281fd76,images/front_c281fd76.jpg,CR200J2-JT001-Side_Front,c281fd76,front,1129,1080,masks/body/front_c281fd76.png,masks/windshield/front_c281fd76.png,,,keypoints/front_c281fd76.json,1,1,0,0,1,D:\.bb\prepared_front
front_c376fc3a,images/front_c376fc3a.jpg,CRH6A_01_FrontSide,c376fc3a,front,1383,1088,masks/body/front_c376fc3a.png,masks/windshield/front_c376fc3a.png,,,keypoints/front_c376fc3a.json,1,1,0,0,1,D:\.bb\prepared_front
front_c41e5b42,images/front_c41e5b42.jpg,CR200J-B_17_FrontSide,c41e5b42,front,1086,1080,masks/body/front_c41e5b42.png,masks/windshield/front_c41e5b42.png,,,keypoints/front_c41e5b42.json,1,1,0,0,1,D:\.bb\prepared_front
front_c4785362,images/front_c4785362.jpg,CJ1-Side_Front,c4785362,front,1047,1080,masks/body/front_c4785362.png,masks/windshield/front_c4785362.png,,,keypoints/front_c4785362.json,1,1,0,0,1,D:\.bb\prepared_front
front_c5d4f45e,images/front_c5d4f45e.jpeg,CRH400AF-A-01-FrontSide,c5d4f45e,front,997,1080,masks/body/front_c5d4f45e.png,masks/windshield/front_c5d4f45e.png,,,keypoints/front_c5d4f45e.json,1,1,0,0,1,D:\.bb\prepared_front
front_c6297dfc,images/front_c6297dfc.jpg,CRH380D_04-Side_Front,c6297dfc,front,1193,1080,masks/body/front_c6297dfc.png,masks/windshield/front_c6297dfc.png,,,keypoints/front_c6297dfc.json,1,1,0,0,1,D:\.bb\prepared_front
front_c6369d2c,images/front_c6369d2c.jpg,CRH6F-A-0447-Side_Front,c6369d2c,front,1101,1080,masks/body/front_c6369d2c.png,masks/windshield/front_c6369d2c.png,,,keypoints/front_c6369d2c.json,1,1,0,0,1,D:\.bb\prepared_front
front_c68fddff,images/front_c68fddff.jpg,CR200J2-JT001_08_FrontSide_2,c68fddff,front,1219,1080,masks/body/front_c68fddff.png,masks/windshield/front_c68fddff.png,,,keypoints/front_c68fddff.json,1,1,0,0,1,D:\.bb\prepared_front
front_c6a2a9f2,images/front_c6a2a9f2.jpg,CR200J-B_06_FrontSide,c6a2a9f2,front,1011,1080,masks/body/front_c6a2a9f2.png,masks/windshield/front_c6a2a9f2.png,,,keypoints/front_c6a2a9f2.json,1,1,0,0,1,D:\.bb\prepared_front
front_c6b5a504,images/front_c6b5a504.jpg,CRH2A_8-Side_Front,c6b5a504,front,1082,1080,masks/body/front_c6b5a504.png,masks/windshield/front_c6b5a504.png,,,keypoints/front_c6b5a504.json,1,1,0,0,1,D:\.bb\prepared_front
front_c7401f30,images/front_c7401f30.jpg,C400BF-K-0001-Side_Front,c7401f30,front,1094,1080,masks/body/front_c7401f30.png,masks/windshield/front_c7401f30.png,,,keypoints/front_c7401f30.json,1,1,0,0,1,D:\.bb\prepared_front
front_c7488cdc,images/front_c7488cdc.jpg,CRH3A-Side_Front,c7488cdc,front,1075,1080,masks/body/front_c7488cdc.png,masks/windshield/front_c7488cdc.png,,,keypoints/front_c7488cdc.json,1,1,0,0,1,D:\.bb\prepared_front
front_c74e3aab,images/front_c74e3aab.jpg,CR450AF_07_FrontSide,c74e3aab,front,1239,1088,masks/body/front_c74e3aab.png,masks/windshield/front_c74e3aab.png,,,keypoints/front_c74e3aab.json,1,1,0,0,1,D:\.bb\prepared_front
front_c8b1a412,images/front_c8b1a412.jpg,CR400BF_26_FrontSide,c8b1a412,front,1448,1088,masks/body/front_c8b1a412.png,masks/windshield/front_c8b1a412.png,,,keypoints/front_c8b1a412.json,1,1,0,0,1,D:\.bb\prepared_front
front_c9b4ea66,images/front_c9b4ea66.jpeg,CRH2J_front_side.009,c9b4ea66,front,1286,1080,masks/body/front_c9b4ea66.png,masks/windshield/front_c9b4ea66.png,,,keypoints/front_c9b4ea66.json,1,1,0,0,1,D:\.bb\prepared_front
front_c9c00fa3,images/front_c9c00fa3.jpg,CR400BF-A-Side_Front,c9c00fa3,front,1000,1080,masks/body/front_c9c00fa3.png,masks/windshield/front_c9c00fa3.png,,,keypoints/front_c9c00fa3.json,1,1,0,0,1,D:\.bb\prepared_front
front_caf4bb10,images/front_caf4bb10.jpeg,CRH0307-0001-04-FrontSide,caf4bb10,front,1087,1080,masks/body/front_caf4bb10.png,masks/windshield/front_caf4bb10.png,,,keypoints/front_caf4bb10.json,1,1,0,0,1,D:\.bb\prepared_front
front_cafe0864,images/front_cafe0864.jpg,CRH380AJ-0201-Side_Front,cafe0864,front,1123,1080,masks/body/front_cafe0864.png,masks/windshield/front_cafe0864.png,,,keypoints/front_cafe0864.json,1,1,0,0,1,D:\.bb\prepared_front
front_cb071342,images/front_cb071342.jpg,CRH380CL_05-Side_Front,cb071342,front,1207,1080,masks/body/front_cb071342.png,masks/windshield/front_cb071342.png,,,keypoints/front_cb071342.json,1,1,0,0,1,D:\.bb\prepared_front
front_cbb298cd,images/front_cbb298cd.jpg,DDJ2_09_Front_Side,cbb298cd,front,1117,1080,masks/body/front_cbb298cd.png,masks/windshield/front_cbb298cd.png,,,keypoints/front_cbb298cd.json,1,1,0,0,1,D:\.bb\prepared_front
front_cdba4ea9,images/front_cdba4ea9.jpg,CR450AF_11_FrontSide,cdba4ea9,front,1142,1088,masks/body/front_cdba4ea9.png,masks/windshield/front_cdba4ea9.png,,,keypoints/front_cdba4ea9.json,1,1,0,0,1,D:\.bb\prepared_front
front_ce572f2e,images/front_ce572f2e.jpg,CR400BF_06_FrontSide,ce572f2e,front,1357,1088,masks/body/front_ce572f2e.png,masks/windshield/front_ce572f2e.png,,,keypoints/front_ce572f2e.json,1,1,0,0,1,D:\.bb\prepared_front
front_ce7eae8d,images/front_ce7eae8d.jpeg,CRH380AJ_front_side.015,ce7eae8d,front,1127,1080,masks/body/front_ce7eae8d.png,masks/windshield/front_ce7eae8d.png,,,keypoints/front_ce7eae8d.json,1,1,0,0,1,D:\.bb\prepared_front
front_ced3a81c,images/front_ced3a81c.jpeg,CRH2G_front_side.005,ced3a81c,front,1030,1080,masks/body/front_ced3a81c.png,masks/windshield/front_ced3a81c.png,,,keypoints/front_ced3a81c.json,1,1,0,0,1,D:\.bb\prepared_front
front_cf0b141b,images/front_cf0b141b.jpg,CR300AF-0003_-_05_-_FrontSide,cf0b141b,front,1275,1080,masks/body/front_cf0b141b.png,masks/windshield/front_cf0b141b.png,,,keypoints/front_cf0b141b.json,1,1,0,0,1,D:\.bb\prepared_front
front_cf568667,images/front_cf568667.jpeg,CRH380AM_front_side.009,cf568667,front,1026,1080,masks/body/front_cf568667.png,masks/windshield/front_cf568667.png,,,keypoints/front_cf568667.json,1,1,0,0,1,D:\.bb\prepared_front
front_cf68234d,images/front_cf68234d.jpg,CR450AF_32_FrontSide,cf68234d,front,1334,1088,masks/body/front_cf68234d.png,masks/windshield/front_cf68234d.png,,,keypoints/front_cf68234d.json,1,1,0,0,1,D:\.bb\prepared_front
front_cf6a0fcc,images/front_cf6a0fcc.jpg,CJ6_-_02_-_FrontSide,cf6a0fcc,front,1282,1080,masks/body/front_cf6a0fcc.png,masks/windshield/front_cf6a0fcc.png,,,keypoints/front_cf6a0fcc.json,1,1,0,0,1,D:\.bb\prepared_front
front_cfe15c12,images/front_cfe15c12.jpg,DDJ1_09_Front_Side,cfe15c12,front,1898,1080,masks/body/front_cfe15c12.png,masks/windshield/front_cfe15c12.png,,,keypoints/front_cfe15c12.json,1,1,0,0,1,D:\.bb\prepared_front
front_cffc54b0,images/front_cffc54b0.jpg,CRH380CL_07-Side_Front,cffc54b0,front,1198,1080,masks/body/front_cffc54b0.png,masks/windshield/front_cffc54b0.png,,,keypoints/front_cffc54b0.json,1,1,0,0,1,D:\.bb\prepared_front
front_d092a361,images/front_d092a361.jpg,CR450AF_22_FrontSide,d092a361,front,1261,1088,masks/body/front_d092a361.png,masks/windshield/front_d092a361.png,,,keypoints/front_d092a361.json,1,1,0,0,1,D:\.bb\prepared_front
front_d12dc6b3,images/front_d12dc6b3.jpg,CR200J2-JT001_02_Frontside_2,d12dc6b3,front,1146,1080,masks/body/front_d12dc6b3.png,masks/windshield/front_d12dc6b3.png,,,keypoints/front_d12dc6b3.json,1,1,0,0,1,D:\.bb\prepared_front
front_d1768f23,images/front_d1768f23.jpg,CR450AF_18_FrontSide,d1768f23,front,1304,1088,masks/body/front_d1768f23.png,masks/windshield/front_d1768f23.png,,,keypoints/front_d1768f23.json,1,1,0,0,1,D:\.bb\prepared_front
front_d17f132f,images/front_d17f132f.jpg,DJF1_09_Front_Side,d17f132f,front,1071,1080,masks/body/front_d17f132f.png,masks/windshield/front_d17f132f.png,,,keypoints/front_d17f132f.json,1,1,0,0,1,D:\.bb\prepared_front
front_d1f80c59,images/front_d1f80c59.jpg,DJF1_08_Front_Side,d1f80c59,front,1228,1080,masks/body/front_d1f80c59.png,masks/windshield/front_d1f80c59.png,,,keypoints/front_d1f80c59.json,1,1,0,0,1,D:\.bb\prepared_front
front_d25405c9,images/front_d25405c9.jpg,CRH2_4-Side_Front,d25405c9,front,1099,1080,masks/body/front_d25405c9.png,masks/windshield/front_d25405c9.png,,,keypoints/front_d25405c9.json,1,1,0,0,1,D:\.bb\prepared_front
front_d2af429c,images/front_d2af429c.jpeg,CRH2E_front_side.005,d2af429c,front,1014,1080,masks/body/front_d2af429c.png,masks/windshield/front_d2af429c.png,,,keypoints/front_d2af429c.json,1,1,0,0,1,D:\.bb\prepared_front
front_d2d08a68,images/front_d2d08a68.jpg,CR200J-B_34_FrontSide,d2d08a68,front,996,1080,masks/body/front_d2d08a68.png,masks/windshield/front_d2d08a68.png,,,keypoints/front_d2d08a68.json,1,1,0,0,1,D:\.bb\prepared_front
front_d340918f,images/front_d340918f.jpeg,CR400BF-J-0003-07-FrontSide,d340918f,front,988,1080,masks/body/front_d340918f.png,masks/windshield/front_d340918f.png,,,keypoints/front_d340918f.json,1,1,0,0,1,D:\.bb\prepared_front
front_d3538806,images/front_d3538806.jpg,CRH380G_04-Side_Front,d3538806,front,1203,1080,masks/body/front_d3538806.png,masks/windshield/front_d3538806.png,,,keypoints/front_d3538806.json,1,1,0,0,1,D:\.bb\prepared_front
front_d37ef0a7,images/front_d37ef0a7.jpeg,CRH2C_front_side.009,d37ef0a7,front,993,1080,masks/body/front_d37ef0a7.png,masks/windshield/front_d37ef0a7.png,,,keypoints/front_d37ef0a7.json,1,1,0,0,1,D:\.bb\prepared_front
front_d380500e,images/front_d380500e.jpg,CRH1E_5-Side_Front,d380500e,front,1079,1080,masks/body/front_d380500e.png,masks/windshield/front_d380500e.png,,,keypoints/front_d380500e.json,1,1,0,0,1,D:\.bb\prepared_front
front_d389d69f,images/front_d389d69f.jpg,CRH3A_02-Side_Front,d389d69f,front,1256,1080,masks/body/front_d389d69f.png,masks/windshield/front_d389d69f.png,,,keypoints/front_d389d69f.json,1,1,0,0,1,D:\.bb\prepared_front
front_d41f3360,images/front_d41f3360.jpg,KDZ1A_22_FrontSide,d41f3360,front,1101,1080,masks/body/front_d41f3360.png,masks/windshield/front_d41f3360.png,,,keypoints/front_d41f3360.json,1,1,0,0,1,D:\.bb\prepared_front
front_d4b9a05a,images/front_d4b9a05a.jpeg,CRH380AJ_front_side.003,d4b9a05a,front,1161,1080,masks/body/front_d4b9a05a.png,masks/windshield/front_d4b9a05a.png,,,keypoints/front_d4b9a05a.json,1,1,0,0,1,D:\.bb\prepared_front
front_d4e82840,images/front_d4e82840.jpg,NDJ3_-_02_-_FrontSide,d4e82840,front,1447,1080,masks/body/front_d4e82840.png,masks/windshield/front_d4e82840.png,,,keypoints/front_d4e82840.json,1,1,0,0,1,D:\.bb\prepared_front
front_d51c7508,images/front_d51c7508.jpg,CRH1B_88-Side_Front,d51c7508,front,1105,1080,masks/body/front_d51c7508.png,masks/windshield/front_d51c7508.png,,,keypoints/front_d51c7508.json,1,1,0,0,1,D:\.bb\prepared_front
front_d5887d1d,images/front_d5887d1d.jpeg,CRH380AL_front_side.008,d5887d1d,front,1172,1080,masks/body/front_d5887d1d.png,masks/windshield/front_d5887d1d.png,,,keypoints/front_d5887d1d.json,1,1,0,0,1,D:\.bb\prepared_front
front_d6156031,images/front_d6156031.jpg,DDJ1_04_Front_Side,d6156031,front,1947,1080,masks/body/front_d6156031.png,masks/windshield/front_d6156031.png,,,keypoints/front_d6156031.json,1,1,0,0,1,D:\.bb\prepared_front
front_d6ac0554,images/front_d6ac0554.jpeg,CRH380AM_front_side.002,d6ac0554,front,1002,1080,masks/body/front_d6ac0554.png,masks/windshield/front_d6ac0554.png,,,keypoints/front_d6ac0554.json,1,1,0,0,1,D:\.bb\prepared_front
front_d708f4ac,images/front_d708f4ac.jpeg,C400BF-K-0001-01-FrontSide.002,d708f4ac,front,1120,1080,masks/body/front_d708f4ac.png,masks/windshield/front_d708f4ac.png,,,keypoints/front_d708f4ac.json,1,1,0,0,1,D:\.bb\prepared_front
front_d73c3e3b,images/front_d73c3e3b.jpg,CR400BF_18_FrontSide,d73c3e3b,front,1381,1088,masks/body/front_d73c3e3b.png,masks/windshield/front_d73c3e3b.png,,,keypoints/front_d73c3e3b.json,1,1,0,0,1,D:\.bb\prepared_front
front_d7cd1123,images/front_d7cd1123.jpg,CR200J_D_11_FrontSide,d7cd1123,front,1484,1088,masks/body/front_d7cd1123.png,masks/windshield/front_d7cd1123.png,,,keypoints/front_d7cd1123.json,1,1,0,0,1,D:\.bb\prepared_front
front_d855c79a,images/front_d855c79a.jpg,CRH2_9-Side_Front,d855c79a,front,1091,1080,masks/body/front_d855c79a.png,masks/windshield/front_d855c79a.png,,,keypoints/front_d855c79a.json,1,1,0,0,1,D:\.bb\prepared_front
front_d8a622af,images/front_d8a622af.jpg,CR200J-B_25_FrontSide,d8a622af,front,1001,1080,masks/body/front_d8a622af.png,masks/windshield/front_d8a622af.png,,,keypoints/front_d8a622af.json,1,1,0,0,1,D:\.bb\prepared_front
front_d9297654,images/front_d9297654.jpeg,C400BF-K-0001-01-FrontSide.009,d9297654,front,982,1080,masks/body/front_d9297654.png,masks/windshield/front_d9297654.png,,,keypoints/front_d9297654.json,1,1,0,0,1,D:\.bb\prepared_front
front_d94dc343,images/front_d94dc343.jpg,CRH380B0_01-Side_Front,d94dc343,front,1179,1080,masks/body/front_d94dc343.png,masks/windshield/front_d94dc343.png,,,keypoints/front_d94dc343.json,1,1,0,0,1,D:\.bb\prepared_front
front_d9d1590d,images/front_d9d1590d.jpg,CJ2-Side_Front,d9d1590d,front,1092,1080,masks/body/front_d9d1590d.png,masks/windshield/front_d9d1590d.png,,,keypoints/front_d9d1590d.json,1,1,0,0,1,D:\.bb\prepared_front
front_d9e6fa37,images/front_d9e6fa37.jpg,CR200J_D_10_FrontSide,d9e6fa37,front,1411,1088,masks/body/front_d9e6fa37.png,masks/windshield/front_d9e6fa37.png,,,keypoints/front_d9e6fa37.json,1,1,0,0,1,D:\.bb\prepared_front
front_da649cfc,images/front_da649cfc.jpeg,CRH380AM_front_side.007,da649cfc,front,1415,1080,masks/body/front_da649cfc.png,masks/windshield/front_da649cfc.png,,,keypoints/front_da649cfc.json,1,1,0,0,1,D:\.bb\prepared_front
front_daa63f82,images/front_daa63f82.jpg,CJ5_-_0505_-_07_-_FrontSide,daa63f82,front,1185,1080,masks/body/front_daa63f82.png,masks/windshield/front_daa63f82.png,,,keypoints/front_daa63f82.json,1,1,0,0,1,D:\.bb\prepared_front
front_daeb6e43,images/front_daeb6e43.jpeg,CRH2G_front_side.006,daeb6e43,front,1273,1080,masks/body/front_daeb6e43.png,masks/windshield/front_daeb6e43.png,,,keypoints/front_daeb6e43.json,1,1,0,0,1,D:\.bb\prepared_front
front_db046c62,images/front_db046c62.jpg,CRH3A_10-Side_Front,db046c62,front,1249,1080,masks/body/front_db046c62.png,masks/windshield/front_db046c62.png,,,keypoints/front_db046c62.json,1,1,0,0,1,D:\.bb\prepared_front
front_db8478ea,images/front_db8478ea.jpg,CR400AF-C-0209-Side_Front,db8478ea,front,1112,1080,masks/body/front_db8478ea.png,masks/windshield/front_db8478ea.png,,,keypoints/front_db8478ea.json,1,1,0,0,1,D:\.bb\prepared_front
front_dbefa1d4,images/front_dbefa1d4.jpeg,CRH380AL_front_side.010,dbefa1d4,front,1164,1080,masks/body/front_dbefa1d4.png,masks/windshield/front_dbefa1d4.png,,,keypoints/front_dbefa1d4.json,1,1,0,0,1,D:\.bb\prepared_front
front_dbf18bef,images/front_dbf18bef.jpg,CRH380AL-0256-Side_Front,dbf18bef,front,1165,1080,masks/body/front_dbf18bef.png,masks/windshield/front_dbf18bef.png,,,keypoints/front_dbf18bef.json,1,1,0,0,1,D:\.bb\prepared_front
front_dc06f078,images/front_dc06f078.jpg,CR200J-B_24_FrontSide,dc06f078,front,1005,1080,masks/body/front_dc06f078.png,masks/windshield/front_dc06f078.png,,,keypoints/front_dc06f078.json,1,1,0,0,1,D:\.bb\prepared_front
front_de00156d,images/front_de00156d.jpg,CR450AF_23_FrontSide,de00156d,front,1256,1088,masks/body/front_de00156d.png,masks/windshield/front_de00156d.png,,,keypoints/front_de00156d.json,1,1,0,0,1,D:\.bb\prepared_front
front_de6ce488,images/front_de6ce488.jpg,CRH380G_10-Side_Front,de6ce488,front,1196,1080,masks/body/front_de6ce488.png,masks/windshield/front_de6ce488.png,,,keypoints/front_de6ce488.json,1,1,0,0,1,D:\.bb\prepared_front
front_de7a6d93,images/front_de7a6d93.jpeg,CRH2G_front_side.012,de7a6d93,front,1114,1080,masks/body/front_de7a6d93.png,masks/windshield/front_de7a6d93.png,,,keypoints/front_de7a6d93.json,1,1,0,0,1,D:\.bb\prepared_front
front_dec74203,images/front_dec74203.jpg,CJ1_-_10_-FrontSide,dec74203,front,1151,1080,masks/body/front_dec74203.png,masks/windshield/front_dec74203.png,,,keypoints/front_dec74203.json,1,1,0,0,1,D:\.bb\prepared_front
front_df393a23,images/front_df393a23.jpeg,CRH380AJ_front_side.010,df393a23,front,996,1080,masks/body/front_df393a23.png,masks/windshield/front_df393a23.png,,,keypoints/front_df393a23.json,1,1,0,0,1,D:\.bb\prepared_front
front_df39609d,images/front_df39609d.jpeg,CRH2C_front_side.001,df39609d,front,1150,1080,masks/body/front_df39609d.png,masks/windshield/front_df39609d.png,,,keypoints/front_df39609d.json,1,1,0,0,1,D:\.bb\prepared_front
front_df883c6b,images/front_df883c6b.jpg,NZJ2-Side_Front,df883c6b,front,1358,1080,masks/body/front_df883c6b.png,masks/windshield/front_df883c6b.png,,,keypoints/front_df883c6b.json,1,1,0,0,1,D:\.bb\prepared_front
front_dfff9f2f,images/front_dfff9f2f.jpg,CR400BF_5-Side_Front,dfff9f2f,front,990,1080,masks/body/front_dfff9f2f.png,masks/windshield/front_dfff9f2f.png,,,keypoints/front_dfff9f2f.json,1,1,0,0,1,D:\.bb\prepared_front
front_e013e331,images/front_e013e331.jpg,CRH2J-0205-Side_Front,e013e331,front,1181,1080,masks/body/front_e013e331.png,masks/windshield/front_e013e331.png,,,keypoints/front_e013e331.json,1,1,0,0,1,D:\.bb\prepared_front
front_e01b87b7,images/front_e01b87b7.jpeg,CRH3C-06-FrontSide,e01b87b7,front,1162,1080,masks/body/front_e01b87b7.png,masks/windshield/front_e01b87b7.png,,,keypoints/front_e01b87b7.json,1,1,0,0,1,D:\.bb\prepared_front
front_e099bfe4,images/front_e099bfe4.jpg,KDZ1A_17_FrontSide,e099bfe4,front,1064,1080,masks/body/front_e099bfe4.png,masks/windshield/front_e099bfe4.png,,,keypoints/front_e099bfe4.json,1,1,0,0,1,D:\.bb\prepared_front
front_e0ae7751,images/front_e0ae7751.jpg,CR200J-B_26_FrontSide,e0ae7751,front,1003,1080,masks/body/front_e0ae7751.png,masks/windshield/front_e0ae7751.png,,,keypoints/front_e0ae7751.json,1,1,0,0,1,D:\.bb\prepared_front
front_e0c08f1a,images/front_e0c08f1a.jpg,CJ5_-_0505_-_04_-_FrontSide,e0c08f1a,front,1190,1080,masks/body/front_e0c08f1a.png,masks/windshield/front_e0c08f1a.png,,,keypoints/front_e0c08f1a.json,1,1,0,0,1,D:\.bb\prepared_front
front_e1214f48,images/front_e1214f48.jpeg,CRH0307-0001-01-FrontSide,e1214f48,front,1121,1080,masks/body/front_e1214f48.png,masks/windshield/front_e1214f48.png,,,keypoints/front_e1214f48.json,1,1,0,0,1,D:\.bb\prepared_front
front_e1331146,images/front_e1331146.jpeg,C300BF-K-0001-06-FrontSide,e1331146,front,1006,1080,masks/body/front_e1331146.png,masks/windshield/front_e1331146.png,,,keypoints/front_e1331146.json,1,1,0,0,1,D:\.bb\prepared_front
front_e199935e,images/front_e199935e.jpg,CR450AF_25_FrontSide,e199935e,front,1275,1088,masks/body/front_e199935e.png,masks/windshield/front_e199935e.png,,,keypoints/front_e199935e.json,1,1,0,0,1,D:\.bb\prepared_front
front_e1b067e9,images/front_e1b067e9.jpeg,CR400BF-J-0003-04-FrontSide,e1b067e9,front,968,1080,masks/body/front_e1b067e9.png,masks/windshield/front_e1b067e9.png,,,keypoints/front_e1b067e9.json,1,1,0,0,1,D:\.bb\prepared_front
front_e20f5e0e,images/front_e20f5e0e.jpg,CR200J-B_03_FrontSide,e20f5e0e,front,1094,1080,masks/body/front_e20f5e0e.png,masks/windshield/front_e20f5e0e.png,,,keypoints/front_e20f5e0e.json,1,1,0,0,1,D:\.bb\prepared_front
front_e230d8b2,images/front_e230d8b2.jpg,CRH380BL_01-Side_Front,e230d8b2,front,1196,1080,masks/body/front_e230d8b2.png,masks/windshield/front_e230d8b2.png,,,keypoints/front_e230d8b2.json,1,1,0,0,1,D:\.bb\prepared_front
front_e242cab0,images/front_e242cab0.jpg,CRH1E_NEW_1-Side_Front,e242cab0,front,1085,1080,masks/body/front_e242cab0.png,masks/windshield/front_e242cab0.png,,,keypoints/front_e242cab0.json,1,1,0,0,1,D:\.bb\prepared_front
front_e24edc48,images/front_e24edc48.jpg,CR450AF_31_FrontSide,e24edc48,front,1315,1088,masks/body/front_e24edc48.png,masks/windshield/front_e24edc48.png,,,keypoints/front_e24edc48.json,1,1,0,0,1,D:\.bb\prepared_front
front_e25ab243,images/front_e25ab243.jpg,CRH380D_06-Side_Front,e25ab243,front,1184,1080,masks/body/front_e25ab243.png,masks/windshield/front_e25ab243.png,,,keypoints/front_e25ab243.json,1,1,0,0,1,D:\.bb\prepared_front
front_e3955a06,images/front_e3955a06.jpeg,CRH380AL_front_side.001,e3955a06,front,1099,1080,masks/body/front_e3955a06.png,masks/windshield/front_e3955a06.png,,,keypoints/front_e3955a06.json,1,1,0,0,1,D:\.bb\prepared_front
front_e3a8b735,images/front_e3a8b735.jpg,CRH2A_4-Side_Front,e3a8b735,front,1088,1080,masks/body/front_e3a8b735.png,masks/windshield/front_e3a8b735.png,,,keypoints/front_e3a8b735.json,1,1,0,0,1,D:\.bb\prepared_front
front_e3b4afa2,images/front_e3b4afa2.jpeg,CRH2E_front_side.009,e3b4afa2,front,1082,1080,masks/body/front_e3b4afa2.png,masks/windshield/front_e3b4afa2.png,,,keypoints/front_e3b4afa2.json,1,1,0,0,1,D:\.bb\prepared_front
front_e3ca4a42,images/front_e3ca4a42.jpeg,CRH2H_front_side.009,e3ca4a42,front,1094,1080,masks/body/front_e3ca4a42.png,masks/windshield/front_e3ca4a42.png,,,keypoints/front_e3ca4a42.json,1,1,0,0,1,D:\.bb\prepared_front
front_e42fa9f6,images/front_e42fa9f6.jpg,CRH2A_9-Side_Front,e42fa9f6,front,1095,1080,masks/body/front_e42fa9f6.png,masks/windshield/front_e42fa9f6.png,,,keypoints/front_e42fa9f6.json,1,1,0,0,1,D:\.bb\prepared_front
front_e457b93f,images/front_e457b93f.jpg,CRH2B_5-Side_Front,e457b93f,front,1087,1080,masks/body/front_e457b93f.png,masks/windshield/front_e457b93f.png,,,keypoints/front_e457b93f.json,1,1,0,0,1,D:\.bb\prepared_front
front_e481c2ca,images/front_e481c2ca.jpeg,C300BF-K-0001-08-FrontSide,e481c2ca,front,946,1080,masks/body/front_e481c2ca.png,masks/windshield/front_e481c2ca.png,,,keypoints/front_e481c2ca.json,1,1,0,0,1,D:\.bb\prepared_front
front_e48ee024,images/front_e48ee024.jpg,CRH2_6-Side_Front,e48ee024,front,1102,1080,masks/body/front_e48ee024.png,masks/windshield/front_e48ee024.png,,,keypoints/front_e48ee024.json,1,1,0,0,1,D:\.bb\prepared_front
front_e499ed21,images/front_e499ed21.jpg,CR400BF-C-5144-Side_Front,e499ed21,front,1107,1080,masks/body/front_e499ed21.png,masks/windshield/front_e499ed21.png,,,keypoints/front_e499ed21.json,1,1,0,0,1,D:\.bb\prepared_front
front_e4a4650b,images/front_e4a4650b.jpg,CR400BF_12_FrontSide,e4a4650b,front,1397,1088,masks/body/front_e4a4650b.png,masks/windshield/front_e4a4650b.png,,,keypoints/front_e4a4650b.json,1,1,0,0,1,D:\.bb\prepared_front
front_e4d117a2,images/front_e4d117a2.jpg,CR450AF_16_FrontSide,e4d117a2,front,1275,1088,masks/body/front_e4d117a2.png,masks/windshield/front_e4d117a2.png,,,keypoints/front_e4d117a2.json,1,1,0,0,1,D:\.bb\prepared_front
front_e4e6f468,images/front_e4e6f468.jpg,CRH380B0_09-Side_Front,e4e6f468,front,1204,1080,masks/body/front_e4e6f468.png,masks/windshield/front_e4e6f468.png,,,keypoints/front_e4e6f468.json,1,1,0,0,1,D:\.bb\prepared_front
front_e4fae8f4,images/front_e4fae8f4.jpg,CRH6F-4003-Side_Front,e4fae8f4,front,1105,1080,masks/body/front_e4fae8f4.png,masks/windshield/front_e4fae8f4.png,,,keypoints/front_e4fae8f4.json,1,1,0,0,1,D:\.bb\prepared_front
front_e5135878,images/front_e5135878.jpeg,CRH380AJ_front_side.005,e5135878,front,1378,1080,masks/body/front_e5135878.png,masks/windshield/front_e5135878.png,,,keypoints/front_e5135878.json,1,1,0,0,1,D:\.bb\prepared_front
front_e54d135b,images/front_e54d135b.jpg,KDZ1A_08_FrontSide,e54d135b,front,946,1080,masks/body/front_e54d135b.png,masks/windshield/front_e54d135b.png,,,keypoints/front_e54d135b.json,1,1,0,0,1,D:\.bb\prepared_front
front_e5f822d2,images/front_e5f822d2.jpeg,CRH380AJ_front_side.016,e5f822d2,front,1094,1080,masks/body/front_e5f822d2.png,masks/windshield/front_e5f822d2.png,,,keypoints/front_e5f822d2.json,1,1,0,0,1,D:\.bb\prepared_front
front_e61b2a71,images/front_e61b2a71.jpeg,CRH2H_front_side.007,e61b2a71,front,1085,1080,masks/body/front_e61b2a71.png,masks/windshield/front_e61b2a71.png,,,keypoints/front_e61b2a71.json,1,1,0,0,1,D:\.bb\prepared_front
front_e65d9c62,images/front_e65d9c62.jpeg,CRH380AL_front_side.009,e65d9c62,front,1276,1080,masks/body/front_e65d9c62.png,masks/windshield/front_e65d9c62.png,,,keypoints/front_e65d9c62.json,1,1,0,0,1,D:\.bb\prepared_front
front_e6641cdc,images/front_e6641cdc.jpg,CRH380A_10-Side_Front,e6641cdc,front,986,1080,masks/body/front_e6641cdc.png,masks/windshield/front_e6641cdc.png,,,keypoints/front_e6641cdc.json,1,1,0,0,1,D:\.bb\prepared_front
front_e68f7336,images/front_e68f7336.jpeg,CRH2C_front_side.005,e68f7336,front,1175,1080,masks/body/front_e68f7336.png,masks/windshield/front_e68f7336.png,,,keypoints/front_e68f7336.json,1,1,0,0,1,D:\.bb\prepared_front
front_e696b62d,images/front_e696b62d.jpg,DDJ2_07_Front_Side,e696b62d,front,1142,1080,masks/body/front_e696b62d.png,masks/windshield/front_e696b62d.png,,,keypoints/front_e696b62d.json,1,1,0,0,1,D:\.bb\prepared_front
front_e6d644f6,images/front_e6d644f6.jpg,CRH2_1-Side_Front,e6d644f6,front,1090,1080,masks/body/front_e6d644f6.png,masks/windshield/front_e6d644f6.png,,,keypoints/front_e6d644f6.json,1,1,0,0,1,D:\.bb\prepared_front
front_e71f95d0,images/front_e71f95d0.jpg,KDZ1A_15_FrontSide,e71f95d0,front,1024,1080,masks/body/front_e71f95d0.png,masks/windshield/front_e71f95d0.png,,,keypoints/front_e71f95d0.json,1,1,0,0,1,D:\.bb\prepared_front
front_e8083083,images/front_e8083083.jpg,CR400BF-J-0001-Side_Front,e8083083,front,1108,1080,masks/body/front_e8083083.png,masks/windshield/front_e8083083.png,,,keypoints/front_e8083083.json,1,1,0,0,1,D:\.bb\prepared_front
front_e843c1cc,images/front_e843c1cc.jpg,CRH1E_2-Side_Front,e843c1cc,front,1111,1080,masks/body/front_e843c1cc.png,masks/windshield/front_e843c1cc.png,,,keypoints/front_e843c1cc.json,1,1,0,0,1,D:\.bb\prepared_front
front_e8884abf,images/front_e8884abf.jpg,CR200J-B_11_FrontSide,e8884abf,front,1139,1080,masks/body/front_e8884abf.png,masks/windshield/front_e8884abf.png,,,keypoints/front_e8884abf.json,1,1,0,0,1,D:\.bb\prepared_front
front_e88cdf49,images/front_e88cdf49.jpg,CRH3C-Side_Front,e88cdf49,front,1081,1080,masks/body/front_e88cdf49.png,masks/windshield/front_e88cdf49.png,,,keypoints/front_e88cdf49.json,1,1,0,0,1,D:\.bb\prepared_front
front_e8c67e93,images/front_e8c67e93.jpg,DDJ1_06_Front_Side,e8c67e93,front,1891,1080,masks/body/front_e8c67e93.png,masks/windshield/front_e8c67e93.png,,,keypoints/front_e8c67e93.json,1,1,0,0,1,D:\.bb\prepared_front
front_e8cad973,images/front_e8cad973.jpeg,CRH5-001A-04-FrontSide,e8cad973,front,1132,1080,masks/body/front_e8cad973.png,masks/windshield/front_e8cad973.png,,,keypoints/front_e8cad973.json,1,1,0,0,1,D:\.bb\prepared_front
front_ea59aeb2,images/front_ea59aeb2.jpg,KDZ1A_06_FrontSide,ea59aeb2,front,1118,1080,masks/body/front_ea59aeb2.png,masks/windshield/front_ea59aeb2.png,,,keypoints/front_ea59aeb2.json,1,1,0,0,1,D:\.bb\prepared_front
front_eac0687f,images/front_eac0687f.jpeg,CR200J1-04-FrontSide,eac0687f,front,1071,1080,masks/body/front_eac0687f.png,masks/windshield/front_eac0687f.png,,,keypoints/front_eac0687f.json,1,1,0,0,1,D:\.bb\prepared_front
front_eae1659d,images/front_eae1659d.jpg,NZJ_10_Frontside,eae1659d,front,1105,1080,masks/body/front_eae1659d.png,masks/windshield/front_eae1659d.png,,,keypoints/front_eae1659d.json,1,1,0,0,1,D:\.bb\prepared_front
front_eaf95006,images/front_eaf95006.jpg,CR400BF_27_FrontSide,eaf95006,front,1200,1088,masks/body/front_eaf95006.png,masks/windshield/front_eaf95006.png,,,keypoints/front_eaf95006.json,1,1,0,0,1,D:\.bb\prepared_front
front_eb6a8b70,images/front_eb6a8b70.jpeg,CRH5-001A-09-FrontSide,eb6a8b70,front,1155,1080,masks/body/front_eb6a8b70.png,masks/windshield/front_eb6a8b70.png,,,keypoints/front_eb6a8b70.json,1,1,0,0,1,D:\.bb\prepared_front
front_ec56eed2,images/front_ec56eed2.jpg,CRH380G_05-Side_Front,ec56eed2,front,1185,1080,masks/body/front_ec56eed2.png,masks/windshield/front_ec56eed2.png,,,keypoints/front_ec56eed2.json,1,1,0,0,1,D:\.bb\prepared_front
front_ec772f85,images/front_ec772f85.jpg,CRH380BL_10-Side_Front,ec772f85,front,1231,1080,masks/body/front_ec772f85.png,masks/windshield/front_ec772f85.png,,,keypoints/front_ec772f85.json,1,1,0,0,1,D:\.bb\prepared_front
front_eca2dd71,images/front_eca2dd71.jpg,CR200J_D_09_FrontSide,eca2dd71,front,1421,1088,masks/body/front_eca2dd71.png,masks/windshield/front_eca2dd71.png,,,keypoints/front_eca2dd71.json,1,1,0,0,1,D:\.bb\prepared_front
front_ecc9f1d9,images/front_ecc9f1d9.jpg,CRH6A-0618-Side_Front,ecc9f1d9,front,1103,1080,masks/body/front_ecc9f1d9.png,masks/windshield/front_ecc9f1d9.png,,,keypoints/front_ecc9f1d9.json,1,1,0,0,1,D:\.bb\prepared_front
front_ee4aed79,images/front_ee4aed79.jpg,CR200J_D_02_FrontSide,ee4aed79,front,1580,1088,masks/body/front_ee4aed79.png,masks/windshield/front_ee4aed79.png,,,keypoints/front_ee4aed79.json,1,1,0,0,1,D:\.bb\prepared_front
front_ee9e4240,images/front_ee9e4240.jpeg,C400BF-K-0001-01-FrontSide.008,ee9e4240,front,1015,1080,masks/body/front_ee9e4240.png,masks/windshield/front_ee9e4240.png,,,keypoints/front_ee9e4240.json,1,1,0,0,1,D:\.bb\prepared_front
front_eefcba6e,images/front_eefcba6e.jpg,CRH380B_03-Side_Front,eefcba6e,front,1138,1080,masks/body/front_eefcba6e.png,masks/windshield/front_eefcba6e.png,,,keypoints/front_eefcba6e.json,1,1,0,0,1,D:\.bb\prepared_front
front_ef602686,images/front_ef602686.jpg,DJF1_02_Front_Side,ef602686,front,1095,1080,masks/body/front_ef602686.png,masks/windshield/front_ef602686.png,,,keypoints/front_ef602686.json,1,1,0,0,1,D:\.bb\prepared_front
front_f01ac3db,images/front_f01ac3db.jpg,CRH2B_2-Side_Front,f01ac3db,front,1050,1080,masks/body/front_f01ac3db.png,masks/windshield/front_f01ac3db.png,,,keypoints/front_f01ac3db.json,1,1,0,0,1,D:\.bb\prepared_front
front_f02bdb68,images/front_f02bdb68.jpg,CRH380CL-Side_Front,f02bdb68,front,1072,1080,masks/body/front_f02bdb68.png,masks/windshield/front_f02bdb68.png,,,keypoints/front_f02bdb68.json,1,1,0,0,1,D:\.bb\prepared_front
front_f1225368,images/front_f1225368.jpg,CRH2B-Side_Front,f1225368,front,1135,1080,masks/body/front_f1225368.png,masks/windshield/front_f1225368.png,,,keypoints/front_f1225368.json,1,1,0,0,1,D:\.bb\prepared_front
front_f16eb637,images/front_f16eb637.jpg,CJ1_-_12_-FrontSide,f16eb637,front,1155,1080,masks/body/front_f16eb637.png,masks/windshield/front_f16eb637.png,,,keypoints/front_f16eb637.json,1,1,0,0,1,D:\.bb\prepared_front
front_f1e09495,images/front_f1e09495.jpg,CRH380BL_06-Side_Front,f1e09495,front,1177,1080,masks/body/front_f1e09495.png,masks/windshield/front_f1e09495.png,,,keypoints/front_f1e09495.json,1,1,0,0,1,D:\.bb\prepared_front
front_f25e2195,images/front_f25e2195.jpg,CR200J-B_09_FrontSide,f25e2195,front,1035,1080,masks/body/front_f25e2195.png,masks/windshield/front_f25e2195.png,,,keypoints/front_f25e2195.json,1,1,0,0,1,D:\.bb\prepared_front
front_f2740b72,images/front_f2740b72.jpg,CRH380A_1-Side_Front,f2740b72,front,986,1080,masks/body/front_f2740b72.png,masks/windshield/front_f2740b72.png,,,keypoints/front_f2740b72.json,1,1,0,0,1,D:\.bb\prepared_front
front_f2b7fbcd,images/front_f2b7fbcd.jpg,CR200J-B_30_FrontSide,f2b7fbcd,front,999,1080,masks/body/front_f2b7fbcd.png,masks/windshield/front_f2b7fbcd.png,,,keypoints/front_f2b7fbcd.json,1,1,0,0,1,D:\.bb\prepared_front
front_f2ef36a4,images/front_f2ef36a4.jpg,CRH6F-A-0442-Side_Front,f2ef36a4,front,1102,1080,masks/body/front_f2ef36a4.png,masks/windshield/front_f2ef36a4.png,,,keypoints/front_f2ef36a4.json,1,1,0,0,1,D:\.bb\prepared_front
front_f3330b3f,images/front_f3330b3f.jpeg,CRH2G_front_side.004,f3330b3f,front,1050,1080,masks/body/front_f3330b3f.png,masks/windshield/front_f3330b3f.png,,,keypoints/front_f3330b3f.json,1,1,0,0,1,D:\.bb\prepared_front
front_f358c7ee,images/front_f358c7ee.jpg,CR200J3-Side_Front,f358c7ee,front,1129,1080,masks/body/front_f358c7ee.png,masks/windshield/front_f358c7ee.png,,,keypoints/front_f358c7ee.json,1,1,0,0,1,D:\.bb\prepared_front
front_f38fad77,images/front_f38fad77.jpg,CRH5E-Side_Front,f38fad77,front,1076,1080,masks/body/front_f38fad77.png,masks/windshield/front_f38fad77.png,,,keypoints/front_f38fad77.json,1,1,0,0,1,D:\.bb\prepared_front
front_f5640b9d,images/front_f5640b9d.jpg,CJ5-0506-Side_Front,f5640b9d,front,1037,1080,masks/body/front_f5640b9d.png,masks/windshield/front_f5640b9d.png,,,keypoints/front_f5640b9d.json,1,1,0,0,1,D:\.bb\prepared_front
front_f5dce704,images/front_f5dce704.jpeg,CRH380AJ_front_side.002,f5dce704,front,1153,1080,masks/body/front_f5dce704.png,masks/windshield/front_f5dce704.png,,,keypoints/front_f5dce704.json,1,1,0,0,1,D:\.bb\prepared_front
front_f6448dc5,images/front_f6448dc5.jpg,CRH380BL_09-Side_Front,f6448dc5,front,1222,1080,masks/body/front_f6448dc5.png,masks/windshield/front_f6448dc5.png,,,keypoints/front_f6448dc5.json,1,1,0,0,1,D:\.bb\prepared_front
front_f6b1dd73,images/front_f6b1dd73.jpg,CRH1B_3-Side_Front,f6b1dd73,front,1040,1080,masks/body/front_f6b1dd73.png,masks/windshield/front_f6b1dd73.png,,,keypoints/front_f6b1dd73.json,1,1,0,0,1,D:\.bb\prepared_front
front_f6ec845a,images/front_f6ec845a.jpeg,CRH2J_front_side.008,f6ec845a,front,1198,1080,masks/body/front_f6ec845a.png,masks/windshield/front_f6ec845a.png,,,keypoints/front_f6ec845a.json,1,1,0,0,1,D:\.bb\prepared_front
front_f725a473,images/front_f725a473.jpg,CR200J-B_04_FrontSide,f725a473,front,1137,1081,masks/body/front_f725a473.png,masks/windshield/front_f725a473.png,,,keypoints/front_f725a473.json,1,1,0,0,1,D:\.bb\prepared_front
front_f755fdf2,images/front_f755fdf2.jpeg,CRH2H_front_side.021,f755fdf2,front,972,1080,masks/body/front_f755fdf2.png,masks/windshield/front_f755fdf2.png,,,keypoints/front_f755fdf2.json,1,1,0,0,1,D:\.bb\prepared_front
front_f7567cf2,images/front_f7567cf2.jpg,CR200J-B_43_FrontSide,f7567cf2,front,1007,1080,masks/body/front_f7567cf2.png,masks/windshield/front_f7567cf2.png,,,keypoints/front_f7567cf2.json,1,1,0,0,1,D:\.bb\prepared_front
front_f7a58763,images/front_f7a58763.jpeg,CRH2C_front_side.003,f7a58763,front,1166,1080,masks/body/front_f7a58763.png,masks/windshield/front_f7a58763.png,,,keypoints/front_f7a58763.json,1,1,0,0,1,D:\.bb\prepared_front
front_f7d989a9,images/front_f7d989a9.jpg,CR400BF-0507-Side_Front,f7d989a9,front,1120,1080,masks/body/front_f7d989a9.png,masks/windshield/front_f7d989a9.png,,,keypoints/front_f7d989a9.json,1,1,0,0,1,D:\.bb\prepared_front
front_f818b30d,images/front_f818b30d.jpeg,CRH380AJ_front_side.020,f818b30d,front,1090,1080,masks/body/front_f818b30d.png,masks/windshield/front_f818b30d.png,,,keypoints/front_f818b30d.json,1,1,0,0,1,D:\.bb\prepared_front
front_f846c3cf,images/front_f846c3cf.jpg,CR200J-B_23_FrontSide,f846c3cf,front,1011,1080,masks/body/front_f846c3cf.png,masks/windshield/front_f846c3cf.png,,,keypoints/front_f846c3cf.json,1,1,0,0,1,D:\.bb\prepared_front
front_f89dcc52,images/front_f89dcc52.jpg,CR450AF_17_FrontSide,f89dcc52,front,1264,1088,masks/body/front_f89dcc52.png,masks/windshield/front_f89dcc52.png,,,keypoints/front_f89dcc52.json,1,1,0,0,1,D:\.bb\prepared_front
front_f90b1dd0,images/front_f90b1dd0.jpeg,C400BF-K-0001-01-FrontSide.001,f90b1dd0,front,914,1080,masks/body/front_f90b1dd0.png,masks/windshield/front_f90b1dd0.png,,,keypoints/front_f90b1dd0.json,1,1,0,0,1,D:\.bb\prepared_front
front_f970f14d,images/front_f970f14d.jpg,CR450AF_29_FrontSide,f970f14d,front,1297,1088,masks/body/front_f970f14d.png,masks/windshield/front_f970f14d.png,,,keypoints/front_f970f14d.json,1,1,0,0,1,D:\.bb\prepared_front
front_f97c2b6e,images/front_f97c2b6e.jpg,CRH380G_09-Side_Front,f97c2b6e,front,1222,1080,masks/body/front_f97c2b6e.png,masks/windshield/front_f97c2b6e.png,,,keypoints/front_f97c2b6e.json,1,1,0,0,1,D:\.bb\prepared_front
front_f9d43a75,images/front_f9d43a75.jpeg,CR400BF-J-0003-06-FrontSide,f9d43a75,front,1034,1080,masks/body/front_f9d43a75.png,masks/windshield/front_f9d43a75.png,,,keypoints/front_f9d43a75.json,1,1,0,0,1,D:\.bb\prepared_front
front_f9f2436e,images/front_f9f2436e.jpg,KDZ1A-Side_Front,f9f2436e,front,1110,1080,masks/body/front_f9f2436e.png,masks/windshield/front_f9f2436e.png,,,keypoints/front_f9f2436e.json,1,1,0,0,1,D:\.bb\prepared_front
front_fb32fca6,images/front_fb32fca6.jpg,CR200J-Side_Front,fb32fca6,front,1147,1080,masks/body/front_fb32fca6.png,masks/windshield/front_fb32fca6.png,,,keypoints/front_fb32fca6.json,1,1,0,0,1,D:\.bb\prepared_front
front_fb48707a,images/front_fb48707a.jpg,CJ5_-_0505_-_06_-_FrontSide,fb48707a,front,1267,1080,masks/body/front_fb48707a.png,masks/windshield/front_fb48707a.png,,,keypoints/front_fb48707a.json,1,1,0,0,1,D:\.bb\prepared_front
front_fb7ac7ca,images/front_fb7ac7ca.jpeg,C400BF-K-0001-01-FrontSide.003,fb7ac7ca,front,901,1080,masks/body/front_fb7ac7ca.png,masks/windshield/front_fb7ac7ca.png,,,keypoints/front_fb7ac7ca.json,1,1,0,0,1,D:\.bb\prepared_front
front_fbbd87b0,images/front_fbbd87b0.jpg,CRH6A_06_FrontSide,fbbd87b0,front,1437,1088,masks/body/front_fbbd87b0.png,masks/windshield/front_fbbd87b0.png,,,keypoints/front_fbbd87b0.json,1,1,0,0,1,D:\.bb\prepared_front
front_fbef5b94,images/front_fbef5b94.jpg,CR200J-B_10_FrontSide,fbef5b94,front,1009,1080,masks/body/front_fbef5b94.png,masks/windshield/front_fbef5b94.png,,,keypoints/front_fbef5b94.json,1,1,0,0,1,D:\.bb\prepared_front
front_fbfd9c89,images/front_fbfd9c89.jpg,CRH1E_NEW_7-Side_Front,fbfd9c89,front,1074,1080,masks/body/front_fbfd9c89.png,masks/windshield/front_fbfd9c89.png,,,keypoints/front_fbfd9c89.json,1,1,0,0,1,D:\.bb\prepared_front
front_fc04f4f4,images/front_fc04f4f4.png,CJ2_-_08_-_FrontSide,fc04f4f4,front,1313,1080,masks/body/front_fc04f4f4.png,masks/windshield/front_fc04f4f4.png,,,keypoints/front_fc04f4f4.json,1,1,0,0,1,D:\.bb\prepared_front
front_fc28c831,images/front_fc28c831.jpg,CRH3A_06-Side_Front,fc28c831,front,1322,1080,masks/body/front_fc28c831.png,masks/windshield/front_fc28c831.png,,,keypoints/front_fc28c831.json,1,1,0,0,1,D:\.bb\prepared_front
front_fc4ce755,images/front_fc4ce755.jpeg,CRH0307-0001-03-FrontSide,fc4ce755,front,1108,1080,masks/body/front_fc4ce755.png,masks/windshield/front_fc4ce755.png,,,keypoints/front_fc4ce755.json,1,1,0,0,1,D:\.bb\prepared_front
front_fc614ac2,images/front_fc614ac2.jpg,CRH380BG-Side_Front,fc614ac2,front,1101,1080,masks/body/front_fc614ac2.png,masks/windshield/front_fc614ac2.png,,,keypoints/front_fc614ac2.json,1,1,0,0,1,D:\.bb\prepared_front
front_fccd4809,images/front_fccd4809.jpg,CR400BF_6-Side_Front,fccd4809,front,990,1080,masks/body/front_fccd4809.png,masks/windshield/front_fccd4809.png,,,keypoints/front_fccd4809.json,1,1,0,0,1,D:\.bb\prepared_front
front_fcec73b9,images/front_fcec73b9.jpg,CR300AF-0001-Side_Front,fcec73b9,front,1090,1080,masks/body/front_fcec73b9.png,masks/windshield/front_fcec73b9.png,,,keypoints/front_fcec73b9.json,1,1,0,0,1,D:\.bb\prepared_front
front_fd1ca7c1,images/front_fd1ca7c1.jpeg,CRH5-001A-06-FrontSide,fd1ca7c1,front,1158,1080,masks/body/front_fd1ca7c1.png,masks/windshield/front_fd1ca7c1.png,,,keypoints/front_fd1ca7c1.json,1,1,0,0,1,D:\.bb\prepared_front
front_fd6666fb,images/front_fd6666fb.jpg,CRH380CL_02-Side_Front,fd6666fb,front,1182,1080,masks/body/front_fd6666fb.png,masks/windshield/front_fd6666fb.png,,,keypoints/front_fd6666fb.json,1,1,0,0,1,D:\.bb\prepared_front
front_fdeddb7c,images/front_fdeddb7c.jpg,CR450AF_05_FrontSide,fdeddb7c,front,1209,1088,masks/body/front_fdeddb7c.png,masks/windshield/front_fdeddb7c.png,,,keypoints/front_fdeddb7c.json,1,1,0,0,1,D:\.bb\prepared_front
front_fdf7f50f,images/front_fdf7f50f.jpg,CRH380A0-Side_Front,fdf7f50f,front,1166,1080,masks/body/front_fdf7f50f.png,masks/windshield/front_fdf7f50f.png,,,keypoints/front_fdf7f50f.json,1,1,0,0,1,D:\.bb\prepared_front
front_fea8ad4a,images/front_fea8ad4a.jpg,CR300AF-0003_-_04_-_FrontSide,fea8ad4a,front,1253,1080,masks/body/front_fea8ad4a.png,masks/windshield/front_fea8ad4a.png,,,keypoints/front_fea8ad4a.json,1,1,0,0,1,D:\.bb\prepared_front
front_ff8a8023,images/front_ff8a8023.jpeg,CRH2C_front_side.010,ff8a8023,front,1048,1080,masks/body/front_ff8a8023.png,masks/windshield/front_ff8a8023.png,,,keypoints/front_ff8a8023.json,1,1,0,0,1,D:\.bb\prepared_front
front_ff9e9bf2,images/front_ff9e9bf2.jpg,C300BF-K-0001-Side_Front,ff9e9bf2,front,1097,1080,masks/body/front_ff9e9bf2.png,masks/windshield/front_ff9e9bf2.png,,,keypoints/front_ff9e9bf2.json,1,1,0,0,1,D:\.bb\prepared_front
front_ff9ec71b,images/front_ff9ec71b.jpg,CR400BF-Z-0524-Side_Front,ff9ec71b,front,1083,1080,masks/body/front_ff9ec71b.png,masks/windshield/front_ff9ec71b.png,,,keypoints/front_ff9ec71b.json,1,1,0,0,1,D:\.bb\prepared_front
side_c0210454,images/side_c0210454.jpg,CJ1_-_06_-FrontSide,c0210454,side,4901,1080,masks/body/side_c0210454.png,,masks/bogie/side_c0210454.png,masks/door/side_c0210454.png,,1,0,1,1,0,D:\.bb\prepared_side
side_c0595a09,images/side_c0595a09.jpeg,C300BF-K-0001-05-FrontSide,c0595a09,side,5114,1080,masks/body/side_c0595a09.png,masks/windshield/side_c0595a09.png,masks/bogie/side_c0595a09.png,masks/door/side_c0595a09.png,,1,1,1,1,0,D:\.bb\prepared_side
side_c06956a5,images/side_c06956a5.jpg,NYJ1-7001A-Side_Front,c06956a5,side,4738,1080,masks/body/side_c06956a5.png,masks/windshield/side_c06956a5.png,masks/bogie/side_c06956a5.png,masks/door/side_c06956a5.png,,1,1,1,1,0,D:\.bb\prepared_side
side_c114f990,images/side_c114f990.jpg,CRH2_2-Side_Front,c114f990,side,4312,1080,masks/body/side_c114f990.png,masks/windshield/side_c114f990.png,masks/bogie/side_c114f990.png,masks/door/side_c114f990.png,,1,1,1,1,0,D:\.bb\prepared_side
side_c13e8906,images/side_c13e8906.jpg,DJF1_10_Front_Side,c13e8906,side,4993,1080,masks/body/side_c13e8906.png,masks/windshield/side_c13e8906.png,masks/bogie/side_c13e8906.png,masks/door/side_c13e8906.png,,1,1,1,1,0,D:\.bb\prepared_side
side_c160cbda,images/side_c160cbda.jpg,KDZ1_05_FrontSide,c160cbda,side,4376,1080,masks/body/side_c160cbda.png,masks/windshield/side_c160cbda.png,masks/bogie/side_c160cbda.png,masks/door/side_c160cbda.png,,1,1,1,1,0,D:\.bb\prepared_side
side_c200e5c1,images/side_c200e5c1.jpeg,CRH3C-08-FrontSide,c200e5c1,side,5000,1080,masks/body/side_c200e5c1.png,masks/windshield/side_c200e5c1.png,masks/bogie/side_c200e5c1.png,masks/door/side_c200e5c1.png,,1,1,1,1,0,D:\.bb\prepared_side
side_c243126c,images/side_c243126c.jpeg,CRH2E_front_side.008,c243126c,side,5072,1080,masks/body/side_c243126c.png,masks/windshield/side_c243126c.png,masks/bogie/side_c243126c.png,masks/door/side_c243126c.png,,1,1,1,1,0,D:\.bb\prepared_side
side_c281fd76,images/side_c281fd76.jpg,CR200J2-JT001-Side_Front,c281fd76,side,4951,1080,masks/body/side_c281fd76.png,masks/windshield/side_c281fd76.png,masks/bogie/side_c281fd76.png,masks/door/side_c281fd76.png,,1,1,1,1,0,D:\.bb\prepared_side
side_c376fc3a,images/side_c376fc3a.jpg,CRH6A_01_FrontSide,c376fc3a,side,4705,1088,masks/body/side_c376fc3a.png,masks/windshield/side_c376fc3a.png,masks/bogie/side_c376fc3a.png,masks/door/side_c376fc3a.png,,1,1,1,1,0,D:\.bb\prepared_side
side_c41e5b42,images/side_c41e5b42.jpg,CR200J-B_17_FrontSide,c41e5b42,side,4416,1080,masks/body/side_c41e5b42.png,masks/windshield/side_c41e5b42.png,masks/bogie/side_c41e5b42.png,masks/door/side_c41e5b42.png,,1,1,1,1,0,D:\.bb\prepared_side
side_c4785362,images/side_c4785362.jpg,CJ1-Side_Front,c4785362,side,5033,1080,masks/body/side_c4785362.png,,masks/bogie/side_c4785362.png,masks/door/side_c4785362.png,,1,0,1,1,0,D:\.bb\prepared_side
side_c5d4f45e,images/side_c5d4f45e.jpeg,CRH400AF-A-01-FrontSide,c5d4f45e,side,5083,1080,masks/body/side_c5d4f45e.png,masks/windshield/side_c5d4f45e.png,masks/bogie/side_c5d4f45e.png,,,1,1,1,0,0,D:\.bb\prepared_side
side_c6297dfc,images/side_c6297dfc.jpg,CRH380D_04-Side_Front,c6297dfc,side,4887,1080,masks/body/side_c6297dfc.png,masks/windshield/side_c6297dfc.png,masks/bogie/side_c6297dfc.png,masks/door/side_c6297dfc.png,,1,1,1,1,0,D:\.bb\prepared_side
side_c6369d2c,images/side_c6369d2c.jpg,CRH6F-A-0447-Side_Front,c6369d2c,side,4979,1080,masks/body/side_c6369d2c.png,,masks/bogie/side_c6369d2c.png,masks/door/side_c6369d2c.png,,1,0,1,1,0,D:\.bb\prepared_side
side_c68fddff,images/side_c68fddff.jpg,CR200J2-JT001_08_FrontSide_2,c68fddff,side,4861,1080,masks/body/side_c68fddff.png,masks/windshield/side_c68fddff.png,masks/bogie/side_c68fddff.png,masks/door/side_c68fddff.png,,1,1,1,1,0,D:\.bb\prepared_side
side_c6a2a9f2,images/side_c6a2a9f2.jpg,CR200J-B_06_FrontSide,c6a2a9f2,side,4491,1080,masks/body/side_c6a2a9f2.png,masks/windshield/side_c6a2a9f2.png,masks/bogie/side_c6a2a9f2.png,masks/door/side_c6a2a9f2.png,,1,1,1,1,0,D:\.bb\prepared_side
side_c6b5a504,images/side_c6b5a504.jpg,CRH2A_8-Side_Front,c6b5a504,side,4318,1080,masks/body/side_c6b5a504.png,,masks/bogie/side_c6b5a504.png,masks/door/side_c6b5a504.png,,1,0,1,1,0,D:\.bb\prepared_side
side_c7401f30,images/side_c7401f30.jpg,C400BF-K-0001-Side_Front,c7401f30,side,4986,1080,masks/body/side_c7401f30.png,masks/windshield/side_c7401f30.png,masks/bogie/side_c7401f30.png,masks/door/side_c7401f30.png,,1,1,1,1,0,D:\.bb\prepared_side
side_c7488cdc,images/side_c7488cdc.jpg,CRH3A-Side_Front,c7488cdc,side,5005,1080,masks/body/side_c7488cdc.png,masks/windshield/side_c7488cdc.png,masks/bogie/side_c7488cdc.png,masks/door/side_c7488cdc.png,,1,1,1,1,0,D:\.bb\prepared_side
side_c74e3aab,images/side_c74e3aab.jpg,CR450AF_07_FrontSide,c74e3aab,side,4849,1088,masks/body/side_c74e3aab.png,masks/windshield/side_c74e3aab.png,masks/bogie/side_c74e3aab.png,,,1,1,1,0,0,D:\.bb\prepared_side
side_c8b1a412,images/side_c8b1a412.jpg,CR400BF_26_FrontSide,c8b1a412,side,4640,1088,masks/body/side_c8b1a412.png,masks/windshield/side_c8b1a412.png,masks/bogie/side_c8b1a412.png,masks/door/side_c8b1a412.png,,1,1,1,1,0,D:\.bb\prepared_side
side_c9b4ea66,images/side_c9b4ea66.jpeg,CRH2J_front_side.009,c9b4ea66,side,4794,1080,masks/body/side_c9b4ea66.png,masks/windshield/side_c9b4ea66.png,masks/bogie/side_c9b4ea66.png,masks/door/side_c9b4ea66.png,,1,1,1,1,0,D:\.bb\prepared_side
side_c9c00fa3,images/side_c9c00fa3.jpg,CR400BF-A-Side_Front,c9c00fa3,side,4400,1080,masks/body/side_c9c00fa3.png,masks/windshield/side_c9c00fa3.png,masks/bogie/side_c9c00fa3.png,masks/door/side_c9c00fa3.png,,1,1,1,1,0,D:\.bb\prepared_side
side_caf4bb10,images/side_caf4bb10.jpeg,CRH0307-0001-04-FrontSide,caf4bb10,side,4993,1080,masks/body/side_caf4bb10.png,masks/windshield/side_caf4bb10.png,masks/bogie/side_caf4bb10.png,masks/door/side_caf4bb10.png,,1,1,1,1,0,D:\.bb\prepared_side
side_cafe0864,images/side_cafe0864.jpg,CRH380AJ-0201-Side_Front,cafe0864,side,4957,1080,masks/body/side_cafe0864.png,masks/windshield/side_cafe0864.png,masks/bogie/side_cafe0864.png,masks/door/side_cafe0864.png,,1,1,1,1,0,D:\.bb\prepared_side
side_cb071342,images/side_cb071342.jpg,CRH380CL_05-Side_Front,cb071342,side,4873,1080,masks/body/side_cb071342.png,masks/windshield/side_cb071342.png,masks/bogie/side_cb071342.png,,,1,1,1,0,0,D:\.bb\prepared_side
side_cbb298cd,images/side_cbb298cd.jpg,DDJ2_09_Front_Side,cbb298cd,side,4963,1080,masks/body/side_cbb298cd.png,masks/windshield/side_cbb298cd.png,masks/bogie/side_cbb298cd.png,masks/door/side_cbb298cd.png,,1,1,1,1,0,D:\.bb\prepared_side
side_cdba4ea9,images/side_cdba4ea9.jpg,CR450AF_11_FrontSide,cdba4ea9,side,4946,1088,masks/body/side_cdba4ea9.png,masks/windshield/side_cdba4ea9.png,masks/bogie/side_cdba4ea9.png,masks/door/side_cdba4ea9.png,,1,1,1,1,0,D:\.bb\prepared_side
side_ce572f2e,images/side_ce572f2e.jpg,CR400BF_06_FrontSide,ce572f2e,side,4731,1088,masks/body/side_ce572f2e.png,masks/windshield/side_ce572f2e.png,masks/bogie/side_ce572f2e.png,masks/door/side_ce572f2e.png,,1,1,1,1,0,D:\.bb\prepared_side
side_ce7eae8d,images/side_ce7eae8d.jpeg,CRH380AJ_front_side.015,ce7eae8d,side,4953,1080,masks/body/side_ce7eae8d.png,masks/windshield/side_ce7eae8d.png,masks/bogie/side_ce7eae8d.png,masks/door/side_ce7eae8d.png,,1,1,1,1,0,D:\.bb\prepared_side
side_ced3a81c,images/side_ced3a81c.jpeg,CRH2G_front_side.005,ced3a81c,side,5050,1080,masks/body/side_ced3a81c.png,masks/windshield/side_ced3a81c.png,masks/bogie/side_ced3a81c.png,masks/door/side_ced3a81c.png,,1,1,1,1,0,D:\.bb\prepared_side
side_cf0b141b,images/side_cf0b141b.jpg,CR300AF-0003_-_05_-_FrontSide,cf0b141b,side,4805,1080,masks/body/side_cf0b141b.png,masks/windshield/side_cf0b141b.png,masks/bogie/side_cf0b141b.png,masks/door/side_cf0b141b.png,,1,1,1,1,0,D:\.bb\prepared_side
side_cf568667,images/side_cf568667.jpeg,CRH380AM_front_side.009,cf568667,side,5054,1080,masks/body/side_cf568667.png,masks/windshield/side_cf568667.png,masks/bogie/side_cf568667.png,masks/door/side_cf568667.png,,1,1,1,1,0,D:\.bb\prepared_side
side_cf68234d,images/side_cf68234d.jpg,CR450AF_32_FrontSide,cf68234d,side,4754,1088,masks/body/side_cf68234d.png,masks/windshield/side_cf68234d.png,masks/bogie/side_cf68234d.png,masks/door/side_cf68234d.png,,1,1,1,1,0,D:\.bb\prepared_side
side_cf6a0fcc,images/side_cf6a0fcc.jpg,CJ6_-_02_-_FrontSide,cf6a0fcc,side,4798,1080,masks/body/side_cf6a0fcc.png,masks/windshield/side_cf6a0fcc.png,masks/bogie/side_cf6a0fcc.png,masks/door/side_cf6a0fcc.png,,1,1,1,1,0,D:\.bb\prepared_side
side_cfe15c12,images/side_cfe15c12.jpg,DDJ1_09_Front_Side,cfe15c12,side,4182,1080,masks/body/side_cfe15c12.png,,masks/bogie/side_cfe15c12.png,masks/door/side_cfe15c12.png,,1,0,1,1,0,D:\.bb\prepared_side
side_cffc54b0,images/side_cffc54b0.jpg,CRH380CL_07-Side_Front,cffc54b0,side,4882,1080,masks/body/side_cffc54b0.png,masks/windshield/side_cffc54b0.png,masks/bogie/side_cffc54b0.png,,,1,1,1,0,0,D:\.bb\prepared_side
side_d092a361,images/side_d092a361.jpg,CR450AF_22_FrontSide,d092a361,side,4827,1088,masks/body/side_d092a361.png,masks/windshield/side_d092a361.png,masks/bogie/side_d092a361.png,masks/door/side_d092a361.png,,1,1,1,1,0,D:\.bb\prepared_side
side_d12dc6b3,images/side_d12dc6b3.jpg,CR200J2-JT001_02_Frontside_2,d12dc6b3,side,4934,1080,masks/body/side_d12dc6b3.png,masks/windshield/side_d12dc6b3.png,masks/bogie/side_d12dc6b3.png,masks/door/side_d12dc6b3.png,,1,1,1,1,0,D:\.bb\prepared_side
side_d1768f23,images/side_d1768f23.jpg,CR450AF_18_FrontSide,d1768f23,side,4784,1088,masks/body/side_d1768f23.png,masks/windshield/side_d1768f23.png,masks/bogie/side_d1768f23.png,masks/door/side_d1768f23.png,,1,1,1,1,0,D:\.bb\prepared_side
side_d17f132f,images/side_d17f132f.jpg,DJF1_09_Front_Side,d17f132f,side,5009,1080,masks/body/side_d17f132f.png,masks/windshield/side_d17f132f.png,masks/bogie/side_d17f132f.png,masks/door/side_d17f132f.png,,1,1,1,1,0,D:\.bb\prepared_side
side_d1f80c59,images/side_d1f80c59.jpg,DJF1_08_Front_Side,d1f80c59,side,4852,1080,masks/body/side_d1f80c59.png,masks/windshield/side_d1f80c59.png,masks/bogie/side_d1f80c59.png,masks/door/side_d1f80c59.png,,1,1,1,1,0,D:\.bb\prepared_side
side_d25405c9,images/side_d25405c9.jpg,CRH2_4-Side_Front,d25405c9,side,4301,1080,masks/body/side_d25405c9.png,masks/windshield/side_d25405c9.png,masks/bogie/side_d25405c9.png,masks/door/side_d25405c9.png,,1,1,1,1,0,D:\.bb\prepared_side
side_d2af429c,images/side_d2af429c.jpeg,CRH2E_front_side.005,d2af429c,side,5066,1080,masks/body/side_d2af429c.png,masks/windshield/side_d2af429c.png,masks/bogie/side_d2af429c.png,masks/door/side_d2af429c.png,,1,1,1,1,0,D:\.bb\prepared_side
side_d2d08a68,images/side_d2d08a68.jpg,CR200J-B_34_FrontSide,d2d08a68,side,4506,1080,masks/body/side_d2d08a68.png,masks/windshield/side_d2d08a68.png,masks/bogie/side_d2d08a68.png,masks/door/side_d2d08a68.png,,1,1,1,1,0,D:\.bb\prepared_side
side_d340918f,images/side_d340918f.jpeg,CR400BF-J-0003-07-FrontSide,d340918f,side,5092,1080,masks/body/side_d340918f.png,masks/windshield/side_d340918f.png,masks/bogie/side_d340918f.png,masks/door/side_d340918f.png,,1,1,1,1,0,D:\.bb\prepared_side
side_d3538806,images/side_d3538806.jpg,CRH380G_04-Side_Front,d3538806,side,4877,1080,masks/body/side_d3538806.png,masks/windshield/side_d3538806.png,masks/bogie/side_d3538806.png,masks/door/side_d3538806.png,,1,1,1,1,0,D:\.bb\prepared_side
side_d37ef0a7,images/side_d37ef0a7.jpeg,CRH2C_front_side.009,d37ef0a7,side,5087,1080,masks/body/side_d37ef0a7.png,masks/windshield/side_d37ef0a7.png,masks/bogie/side_d37ef0a7.png,masks/door/side_d37ef0a7.png,,1,1,1,1,0,D:\.bb\prepared_side
side_d380500e,images/side_d380500e.jpg,CRH1E_5-Side_Front,d380500e,side,4321,1080,masks/body/side_d380500e.png,masks/windshield/side_d380500e.png,masks/bogie/side_d380500e.png,masks/door/side_d380500e.png,,1,1,1,1,0,D:\.bb\prepared_side
side_d389d69f,images/side_d389d69f.jpg,CRH3A_02-Side_Front,d389d69f,side,4824,1080,masks/body/side_d389d69f.png,masks/windshield/side_d389d69f.png,masks/bogie/side_d389d69f.png,masks/door/side_d389d69f.png,,1,1,1,1,0,D:\.bb\prepared_side
side_d41f3360,images/side_d41f3360.jpg,KDZ1A_22_FrontSide,d41f3360,side,4401,1080,masks/body/side_d41f3360.png,masks/windshield/side_d41f3360.png,masks/bogie/side_d41f3360.png,masks/door/side_d41f3360.png,,1,1,1,1,0,D:\.bb\prepared_side
side_d4b9a05a,images/side_d4b9a05a.jpeg,CRH380AJ_front_side.003,d4b9a05a,side,4919,1080,masks/body/side_d4b9a05a.png,masks/windshield/side_d4b9a05a.png,masks/bogie/side_d4b9a05a.png,masks/door/side_d4b9a05a.png,,1,1,1,1,0,D:\.bb\prepared_side
side_d4e82840,images/side_d4e82840.jpg,NDJ3_-_02_-_FrontSide,d4e82840,side,4633,1080,masks/body/side_d4e82840.png,masks/windshield/side_d4e82840.png,masks/bogie/side_d4e82840.png,masks/door/side_d4e82840.png,,1,1,1,1,0,D:\.bb\prepared_side
side_d51c7508,images/side_d51c7508.jpg,CRH1B_88-Side_Front,d51c7508,side,4295,1080,masks/body/side_d51c7508.png,masks/windshield/side_d51c7508.png,masks/bogie/side_d51c7508.png,masks/door/side_d51c7508.png,,1,1,1,1,0,D:\.bb\prepared_side
side_d5887d1d,images/side_d5887d1d.jpeg,CRH380AL_front_side.008,d5887d1d,side,4908,1080,masks/body/side_d5887d1d.png,masks/windshield/side_d5887d1d.png,masks/bogie/side_d5887d1d.png,masks/door/side_d5887d1d.png,,1,1,1,1,0,D:\.bb\prepared_side
side_d6156031,images/side_d6156031.jpg,DDJ1_04_Front_Side,d6156031,side,4133,1080,masks/body/side_d6156031.png,masks/windshield/side_d6156031.png,masks/bogie/side_d6156031.png,masks/door/side_d6156031.png,,1,1,1,1,0,D:\.bb\prepared_side
side_d6ac0554,images/side_d6ac0554.jpeg,CRH380AM_front_side.002,d6ac0554,side,5078,1080,masks/body/side_d6ac0554.png,masks/windshield/side_d6ac0554.png,masks/bogie/side_d6ac0554.png,masks/door/side_d6ac0554.png,,1,1,1,1,0,D:\.bb\prepared_side
side_d708f4ac,images/side_d708f4ac.jpeg,C400BF-K-0001-01-FrontSide.002,d708f4ac,side,4960,1080,masks/body/side_d708f4ac.png,masks/windshield/side_d708f4ac.png,masks/bogie/side_d708f4ac.png,masks/door/side_d708f4ac.png,,1,1,1,1,0,D:\.bb\prepared_side
side_d73c3e3b,images/side_d73c3e3b.jpg,CR400BF_18_FrontSide,d73c3e3b,side,4707,1088,masks/body/side_d73c3e3b.png,masks/windshield/side_d73c3e3b.png,masks/bogie/side_d73c3e3b.png,masks/door/side_d73c3e3b.png,,1,1,1,1,0,D:\.bb\prepared_side
side_d7cd1123,images/side_d7cd1123.jpg,CR200J_D_11_FrontSide,d7cd1123,side,4604,1088,masks/body/side_d7cd1123.png,masks/windshield/side_d7cd1123.png,masks/bogie/side_d7cd1123.png,masks/door/side_d7cd1123.png,,1,1,1,1,0,D:\.bb\prepared_side
side_d855c79a,images/side_d855c79a.jpg,CRH2_9-Side_Front,d855c79a,side,4309,1080,masks/body/side_d855c79a.png,masks/windshield/side_d855c79a.png,masks/bogie/side_d855c79a.png,masks/door/side_d855c79a.png,,1,1,1,1,0,D:\.bb\prepared_side
side_d8a622af,images/side_d8a622af.jpg,CR200J-B_25_FrontSide,d8a622af,side,4501,1080,masks/body/side_d8a622af.png,masks/windshield/side_d8a622af.png,masks/bogie/side_d8a622af.png,masks/door/side_d8a622af.png,,1,1,1,1,0,D:\.bb\prepared_side
side_d9297654,images/side_d9297654.jpeg,C400BF-K-0001-01-FrontSide.009,d9297654,side,5098,1080,masks/body/side_d9297654.png,masks/windshield/side_d9297654.png,masks/bogie/side_d9297654.png,,,1,1,1,0,0,D:\.bb\prepared_side
side_d94dc343,images/side_d94dc343.jpg,CRH380B0_01-Side_Front,d94dc343,side,4901,1080,masks/body/side_d94dc343.png,masks/windshield/side_d94dc343.png,masks/bogie/side_d94dc343.png,masks/door/side_d94dc343.png,,1,1,1,1,0,D:\.bb\prepared_side
side_d9d1590d,images/side_d9d1590d.jpg,CJ2-Side_Front,d9d1590d,side,4988,1080,masks/body/side_d9d1590d.png,,masks/bogie/side_d9d1590d.png,masks/door/side_d9d1590d.png,,1,0,1,1,0,D:\.bb\prepared_side
side_d9e6fa37,images/side_d9e6fa37.jpg,CR200J_D_10_FrontSide,d9e6fa37,side,4677,1088,masks/body/side_d9e6fa37.png,masks/windshield/side_d9e6fa37.png,masks/bogie/side_d9e6fa37.png,masks/door/side_d9e6fa37.png,,1,1,1,1,0,D:\.bb\prepared_side
side_da649cfc,images/side_da649cfc.jpeg,CRH380AM_front_side.007,da649cfc,side,4665,1080,masks/body/side_da649cfc.png,masks/windshield/side_da649cfc.png,masks/bogie/side_da649cfc.png,masks/door/side_da649cfc.png,,1,1,1,1,0,D:\.bb\prepared_side
side_daa63f82,images/side_daa63f82.jpg,CJ5_-_0505_-_07_-_FrontSide,daa63f82,side,4895,1080,masks/body/side_daa63f82.png,masks/windshield/side_daa63f82.png,masks/bogie/side_daa63f82.png,masks/door/side_daa63f82.png,,1,1,1,1,0,D:\.bb\prepared_side
side_daeb6e43,images/side_daeb6e43.jpeg,CRH2G_front_side.006,daeb6e43,side,4807,1080,masks/body/side_daeb6e43.png,masks/windshield/side_daeb6e43.png,masks/bogie/side_daeb6e43.png,masks/door/side_daeb6e43.png,,1,1,1,1,0,D:\.bb\prepared_side
side_db046c62,images/side_db046c62.jpg,CRH3A_10-Side_Front,db046c62,side,4831,1080,masks/body/side_db046c62.png,masks/windshield/side_db046c62.png,masks/bogie/side_db046c62.png,masks/door/side_db046c62.png,,1,1,1,1,0,D:\.bb\prepared_side
side_db8478ea,images/side_db8478ea.jpg,CR400AF-C-0209-Side_Front,db8478ea,side,4968,1080,masks/body/side_db8478ea.png,masks/windshield/side_db8478ea.png,masks/bogie/side_db8478ea.png,masks/door/side_db8478ea.png,,1,1,1,1,0,D:\.bb\prepared_side
side_dbefa1d4,images/side_dbefa1d4.jpeg,CRH380AL_front_side.010,dbefa1d4,side,4916,1080,masks/body/side_dbefa1d4.png,masks/windshield/side_dbefa1d4.png,masks/bogie/side_dbefa1d4.png,masks/door/side_dbefa1d4.png,,1,1,1,1,0,D:\.bb\prepared_side
side_dbf18bef,images/side_dbf18bef.jpg,CRH380AL-0256-Side_Front,dbf18bef,side,4915,1080,masks/body/side_dbf18bef.png,masks/windshield/side_dbf18bef.png,masks/bogie/side_dbf18bef.png,masks/door/side_dbf18bef.png,,1,1,1,1,0,D:\.bb\prepared_side
side_dc06f078,images/side_dc06f078.jpg,CR200J-B_24_FrontSide,dc06f078,side,4497,1080,masks/body/side_dc06f078.png,,masks/bogie/side_dc06f078.png,masks/door/side_dc06f078.png,,1,0,1,1,0,D:\.bb\prepared_side
side_de00156d,images/side_de00156d.jpg,CR450AF_23_FrontSide,de00156d,side,4832,1088,masks/body/side_de00156d.png,masks/windshield/side_de00156d.png,masks/bogie/side_de00156d.png,masks/door/side_de00156d.png,,1,1,1,1,0,D:\.bb\prepared_side
side_de6ce488,images/side_de6ce488.jpg,CRH380G_10-Side_Front,de6ce488,side,4884,1080,masks/body/side_de6ce488.png,masks/windshield/side_de6ce488.png,masks/bogie/side_de6ce488.png,masks/door/side_de6ce488.png,,1,1,1,1,0,D:\.bb\prepared_side
side_de7a6d93,images/side_de7a6d93.jpeg,CRH2G_front_side.012,de7a6d93,side,4966,1080,masks/body/side_de7a6d93.png,masks/windshield/side_de7a6d93.png,masks/bogie/side_de7a6d93.png,masks/door/side_de7a6d93.png,,1,1,1,1,0,D:\.bb\prepared_side
side_dec74203,images/side_dec74203.jpg,CJ1_-_10_-FrontSide,dec74203,side,4929,1080,masks/body/side_dec74203.png,masks/windshield/side_dec74203.png,masks/bogie/side_dec74203.png,masks/door/side_dec74203.png,,1,1,1,1,0,D:\.bb\prepared_side
side_df393a23,images/side_df393a23.jpeg,CRH380AJ_front_side.010,df393a23,side,5084,1080,masks/body/side_df393a23.png,masks/windshield/side_df393a23.png,masks/bogie/side_df393a23.png,,,1,1,1,0,0,D:\.bb\prepared_side
side_df39609d,images/side_df39609d.jpeg,CRH2C_front_side.001,df39609d,side,4930,1080,masks/body/side_df39609d.png,masks/windshield/side_df39609d.png,masks/bogie/side_df39609d.png,masks/door/side_df39609d.png,,1,1,1,1,0,D:\.bb\prepared_side
side_df883c6b,images/side_df883c6b.jpg,NZJ2-Side_Front,df883c6b,side,4722,1080,masks/body/side_df883c6b.png,masks/windshield/side_df883c6b.png,masks/bogie/side_df883c6b.png,masks/door/side_df883c6b.png,,1,1,1,1,0,D:\.bb\prepared_side
side_dfff9f2f,images/side_dfff9f2f.jpg,CR400BF_5-Side_Front,dfff9f2f,side,4410,1080,masks/body/side_dfff9f2f.png,masks/windshield/side_dfff9f2f.png,masks/bogie/side_dfff9f2f.png,masks/door/side_dfff9f2f.png,,1,1,1,1,0,D:\.bb\prepared_side
side_e013e331,images/side_e013e331.jpg,CRH2J-0205-Side_Front,e013e331,side,4899,1080,masks/body/side_e013e331.png,masks/windshield/side_e013e331.png,masks/bogie/side_e013e331.png,masks/door/side_e013e331.png,,1,1,1,1,0,D:\.bb\prepared_side
side_e01b87b7,images/side_e01b87b7.jpeg,CRH3C-06-FrontSide,e01b87b7,side,4918,1080,masks/body/side_e01b87b7.png,masks/windshield/side_e01b87b7.png,masks/bogie/side_e01b87b7.png,,,1,1,1,0,0,D:\.bb\prepared_side
side_e099bfe4,images/side_e099bfe4.jpg,KDZ1A_17_FrontSide,e099bfe4,side,4438,1080,masks/body/side_e099bfe4.png,masks/windshield/side_e099bfe4.png,masks/bogie/side_e099bfe4.png,masks/door/side_e099bfe4.png,,1,1,1,1,0,D:\.bb\prepared_side
side_e0ae7751,images/side_e0ae7751.jpg,CR200J-B_26_FrontSide,e0ae7751,side,4499,1080,masks/body/side_e0ae7751.png,masks/windshield/side_e0ae7751.png,masks/bogie/side_e0ae7751.png,masks/door/side_e0ae7751.png,,1,1,1,1,0,D:\.bb\prepared_side
side_e0c08f1a,images/side_e0c08f1a.jpg,CJ5_-_0505_-_04_-_FrontSide,e0c08f1a,side,4890,1080,masks/body/side_e0c08f1a.png,masks/windshield/side_e0c08f1a.png,masks/bogie/side_e0c08f1a.png,masks/door/side_e0c08f1a.png,,1,1,1,1,0,D:\.bb\prepared_side
side_e1214f48,images/side_e1214f48.jpeg,CRH0307-0001-01-FrontSide,e1214f48,side,4959,1080,masks/body/side_e1214f48.png,masks/windshield/side_e1214f48.png,masks/bogie/side_e1214f48.png,masks/door/side_e1214f48.png,,1,1,1,1,0,D:\.bb\prepared_side
side_e1331146,images/side_e1331146.jpeg,C300BF-K-0001-06-FrontSide,e1331146,side,5074,1080,masks/body/side_e1331146.png,masks/windshield/side_e1331146.png,masks/bogie/side_e1331146.png,masks/door/side_e1331146.png,,1,1,1,1,0,D:\.bb\prepared_side
side_e199935e,images/side_e199935e.jpg,CR450AF_25_FrontSide,e199935e,side,4813,1088,masks/body/side_e199935e.png,masks/windshield/side_e199935e.png,masks/bogie/side_e199935e.png,masks/door/side_e199935e.png,,1,1,1,1,0,D:\.bb\prepared_side
side_e1b067e9,images/side_e1b067e9.jpeg,CR400BF-J-0003-04-FrontSide,e1b067e9,side,5112,1080,masks/body/side_e1b067e9.png,masks/windshield/side_e1b067e9.png,masks/bogie/side_e1b067e9.png,masks/door/side_e1b067e9.png,,1,1,1,1,0,D:\.bb\prepared_side
side_e20f5e0e,images/side_e20f5e0e.jpg,CR200J-B_03_FrontSide,e20f5e0e,side,4408,1080,masks/body/side_e20f5e0e.png,masks/windshield/side_e20f5e0e.png,masks/bogie/side_e20f5e0e.png,masks/door/side_e20f5e0e.png,,1,1,1,1,0,D:\.bb\prepared_side
side_e230d8b2,images/side_e230d8b2.jpg,CRH380BL_01-Side_Front,e230d8b2,side,4884,1080,masks/body/side_e230d8b2.png,masks/windshield/side_e230d8b2.png,masks/bogie/side_e230d8b2.png,masks/door/side_e230d8b2.png,,1,1,1,1,0,D:\.bb\prepared_side
side_e242cab0,images/side_e242cab0.jpg,CRH1E_NEW_1-Side_Front,e242cab0,side,4315,1080,masks/body/side_e242cab0.png,masks/windshield/side_e242cab0.png,masks/bogie/side_e242cab0.png,masks/door/side_e242cab0.png,,1,1,1,1,0,D:\.bb\prepared_side
side_e24edc48,images/side_e24edc48.jpg,CR450AF_31_FrontSide,e24edc48,side,4773,1088,masks/body/side_e24edc48.png,masks/windshield/side_e24edc48.png,masks/bogie/side_e24edc48.png,masks/door/side_e24edc48.png,,1,1,1,1,0,D:\.bb\prepared_side
side_e25ab243,images/side_e25ab243.jpg,CRH380D_06-Side_Front,e25ab243,side,4896,1080,masks/body/side_e25ab243.png,masks/windshield/side_e25ab243.png,masks/bogie/side_e25ab243.png,masks/door/side_e25ab243.png,,1,1,1,1,0,D:\.bb\prepared_side
side_e3955a06,images/side_e3955a06.jpeg,CRH380AL_front_side.001,e3955a06,side,4981,1080,masks/body/side_e3955a06.png,masks/windshield/side_e3955a06.png,masks/bogie/side_e3955a06.png,masks/door/side_e3955a06.png,,1,1,1,1,0,D:\.bb\prepared_side
side_e3a8b735,images/side_e3a8b735.jpg,CRH2A_4-Side_Front,e3a8b735,side,4312,1080,masks/body/side_e3a8b735.png,masks/windshield/side_e3a8b735.png,masks/bogie/side_e3a8b735.png,masks/door/side_e3a8b735.png,,1,1,1,1,0,D:\.bb\prepared_side
side_e3b4afa2,images/side_e3b4afa2.jpeg,CRH2E_front_side.009,e3b4afa2,side,4998,1080,masks/body/side_e3b4afa2.png,masks/windshield/side_e3b4afa2.png,masks/bogie/side_e3b4afa2.png,masks/door/side_e3b4afa2.png,,1,1,1,1,0,D:\.bb\prepared_side
side_e3ca4a42,images/side_e3ca4a42.jpeg,CRH2H_front_side.009,e3ca4a42,side,4986,1080,masks/body/side_e3ca4a42.png,masks/windshield/side_e3ca4a42.png,masks/bogie/side_e3ca4a42.png,masks/door/side_e3ca4a42.png,,1,1,1,1,0,D:\.bb\prepared_side
side_e42fa9f6,images/side_e42fa9f6.jpg,CRH2A_9-Side_Front,e42fa9f6,side,4305,1080,masks/body/side_e42fa9f6.png,masks/windshield/side_e42fa9f6.png,masks/bogie/side_e42fa9f6.png,masks/door/side_e42fa9f6.png,,1,1,1,1,0,D:\.bb\prepared_side
side_e457b93f,images/side_e457b93f.jpg,CRH2B_5-Side_Front,e457b93f,side,4313,1080,masks/body/side_e457b93f.png,masks/windshield/side_e457b93f.png,masks/bogie/side_e457b93f.png,masks/door/side_e457b93f.png,,1,1,1,1,0,D:\.bb\prepared_side
side_e481c2ca,images/side_e481c2ca.jpeg,C300BF-K-0001-08-FrontSide,e481c2ca,side,5134,1080,masks/body/side_e481c2ca.png,masks/windshield/side_e481c2ca.png,masks/bogie/side_e481c2ca.png,masks/door/side_e481c2ca.png,,1,1,1,1,0,D:\.bb\prepared_side
side_e48ee024,images/side_e48ee024.jpg,CRH2_6-Side_Front,e48ee024,side,4298,1080,masks/body/side_e48ee024.png,masks/windshield/side_e48ee024.png,masks/bogie/side_e48ee024.png,masks/door/side_e48ee024.png,,1,1,1,1,0,D:\.bb\prepared_side
side_e499ed21,images/side_e499ed21.jpg,CR400BF-C-5144-Side_Front,e499ed21,side,4973,1080,masks/body/side_e499ed21.png,masks/windshield/side_e499ed21.png,masks/bogie/side_e499ed21.png,masks/door/side_e499ed21.png,,1,1,1,1,0,D:\.bb\prepared_side
side_e4a4650b,images/side_e4a4650b.jpg,CR400BF_12_FrontSide,e4a4650b,side,4691,1088,masks/body/side_e4a4650b.png,masks/windshield/side_e4a4650b.png,masks/bogie/side_e4a4650b.png,masks/door/side_e4a4650b.png,,1,1,1,1,0,D:\.bb\prepared_side
side_e4d117a2,images/side_e4d117a2.jpg,CR450AF_16_FrontSide,e4d117a2,side,4813,1088,masks/body/side_e4d117a2.png,masks/windshield/side_e4d117a2.png,masks/bogie/side_e4d117a2.png,,,1,1,1,0,0,D:\.bb\prepared_side
side_e4e6f468,images/side_e4e6f468.jpg,CRH380B0_09-Side_Front,e4e6f468,side,4876,1080,masks/body/side_e4e6f468.png,masks/windshield/side_e4e6f468.png,masks/bogie/side_e4e6f468.png,,,1,1,1,0,0,D:\.bb\prepared_side
side_e4fae8f4,images/side_e4fae8f4.jpg,CRH6F-4003-Side_Front,e4fae8f4,side,4975,1080,masks/body/side_e4fae8f4.png,,masks/bogie/side_e4fae8f4.png,masks/door/side_e4fae8f4.png,,1,0,1,1,0,D:\.bb\prepared_side
side_e5135878,images/side_e5135878.jpeg,CRH380AJ_front_side.005,e5135878,side,4702,1080,masks/body/side_e5135878.png,masks/windshield/side_e5135878.png,masks/bogie/side_e5135878.png,masks/door/side_e5135878.png,,1,1,1,1,0,D:\.bb\prepared_side
side_e54d135b,images/side_e54d135b.jpg,KDZ1A_08_FrontSide,e54d135b,side,4557,1080,masks/body/side_e54d135b.png,masks/windshield/side_e54d135b.png,masks/bogie/side_e54d135b.png,masks/door/side_e54d135b.png,,1,1,1,1,0,D:\.bb\prepared_side
side_e5f822d2,images/side_e5f822d2.jpeg,CRH380AJ_front_side.016,e5f822d2,side,4986,1080,masks/body/side_e5f822d2.png,masks/windshield/side_e5f822d2.png,masks/bogie/side_e5f822d2.png,masks/door/side_e5f822d2.png,,1,1,1,1,0,D:\.bb\prepared_side
side_e61b2a71,images/side_e61b2a71.jpeg,CRH2H_front_side.007,e61b2a71,side,4995,1080,masks/body/side_e61b2a71.png,masks/windshield/side_e61b2a71.png,masks/bogie/side_e61b2a71.png,masks/door/side_e61b2a71.png,,1,1,1,1,0,D:\.bb\prepared_side
side_e65d9c62,images/side_e65d9c62.jpeg,CRH380AL_front_side.009,e65d9c62,side,4804,1080,masks/body/side_e65d9c62.png,masks/windshield/side_e65d9c62.png,masks/bogie/side_e65d9c62.png,masks/door/side_e65d9c62.png,,1,1,1,1,0,D:\.bb\prepared_side
side_e6641cdc,images/side_e6641cdc.jpg,CRH380A_10-Side_Front,e6641cdc,side,4414,1080,masks/body/side_e6641cdc.png,masks/windshield/side_e6641cdc.png,masks/bogie/side_e6641cdc.png,masks/door/side_e6641cdc.png,,1,1,1,1,0,D:\.bb\prepared_side
side_e68f7336,images/side_e68f7336.jpeg,CRH2C_front_side.005,e68f7336,side,4905,1080,masks/body/side_e68f7336.png,masks/windshield/side_e68f7336.png,masks/bogie/side_e68f7336.png,masks/door/side_e68f7336.png,,1,1,1,1,0,D:\.bb\prepared_side
side_e696b62d,images/side_e696b62d.jpg,DDJ2_07_Front_Side,e696b62d,side,4938,1080,masks/body/side_e696b62d.png,masks/windshield/side_e696b62d.png,masks/bogie/side_e696b62d.png,masks/door/side_e696b62d.png,,1,1,1,1,0,D:\.bb\prepared_side
side_e6d644f6,images/side_e6d644f6.jpg,CRH2_1-Side_Front,e6d644f6,side,4310,1080,masks/body/side_e6d644f6.png,masks/windshield/side_e6d644f6.png,masks/bogie/side_e6d644f6.png,masks/door/side_e6d644f6.png,,1,1,1,1,0,D:\.bb\prepared_side
side_e71f95d0,images/side_e71f95d0.jpg,KDZ1A_15_FrontSide,e71f95d0,side,4478,1080,masks/body/side_e71f95d0.png,masks/windshield/side_e71f95d0.png,masks/bogie/side_e71f95d0.png,masks/door/side_e71f95d0.png,,1,1,1,1,0,D:\.bb\prepared_side
side_e8083083,images/side_e8083083.jpg,CR400BF-J-0001-Side_Front,e8083083,side,4972,1080,masks/body/side_e8083083.png,masks/windshield/side_e8083083.png,masks/bogie/side_e8083083.png,masks/door/side_e8083083.png,,1,1,1,1,0,D:\.bb\prepared_side
side_e843c1cc,images/side_e843c1cc.jpg,CRH1E_2-Side_Front,e843c1cc,side,4289,1080,masks/body/side_e843c1cc.png,masks/windshield/side_e843c1cc.png,masks/bogie/side_e843c1cc.png,masks/door/side_e843c1cc.png,,1,1,1,1,0,D:\.bb\prepared_side
side_e8884abf,images/side_e8884abf.jpg,CR200J-B_11_FrontSide,e8884abf,side,4363,1080,masks/body/side_e8884abf.png,masks/windshield/side_e8884abf.png,masks/bogie/side_e8884abf.png,masks/door/side_e8884abf.png,,1,1,1,1,0,D:\.bb\prepared_side
side_e88cdf49,images/side_e88cdf49.jpg,CRH3C-Side_Front,e88cdf49,side,4999,1080,masks/body/side_e88cdf49.png,masks/windshield/side_e88cdf49.png,masks/bogie/side_e88cdf49.png,masks/door/side_e88cdf49.png,,1,1,1,1,0,D:\.bb\prepared_side
side_e8c67e93,images/side_e8c67e93.jpg,DDJ1_06_Front_Side,e8c67e93,side,4189,1080,masks/body/side_e8c67e93.png,,masks/bogie/side_e8c67e93.png,masks/door/side_e8c67e93.png,,1,0,1,1,0,D:\.bb\prepared_side
side_e8cad973,images/side_e8cad973.jpeg,CRH5-001A-04-FrontSide,e8cad973,side,4948,1080,masks/body/side_e8cad973.png,masks/windshield/side_e8cad973.png,masks/bogie/side_e8cad973.png,masks/door/side_e8cad973.png,,1,1,1,1,0,D:\.bb\prepared_side
side_ea59aeb2,images/side_ea59aeb2.jpg,KDZ1A_06_FrontSide,ea59aeb2,side,4385,1080,masks/body/side_ea59aeb2.png,masks/windshield/side_ea59aeb2.png,masks/bogie/side_ea59aeb2.png,masks/door/side_ea59aeb2.png,,1,1,1,1,0,D:\.bb\prepared_side
side_eac0687f,images/side_eac0687f.jpeg,CR200J1-04-FrontSide,eac0687f,side,5009,1080,masks/body/side_eac0687f.png,masks/windshield/side_eac0687f.png,masks/bogie/side_eac0687f.png,masks/door/side_eac0687f.png,,1,1,1,1,0,D:\.bb\prepared_side
side_eae1659d,images/side_eae1659d.jpg,NZJ_10_Frontside,eae1659d,side,4398,1080,masks/body/side_eae1659d.png,masks/windshield/side_eae1659d.png,masks/bogie/side_eae1659d.png,masks/door/side_eae1659d.png,,1,1,1,1,0,D:\.bb\prepared_side
side_eaf95006,images/side_eaf95006.jpg,CR400BF_27_FrontSide,eaf95006,side,4888,1088,masks/body/side_eaf95006.png,masks/windshield/side_eaf95006.png,masks/bogie/side_eaf95006.png,masks/door/side_eaf95006.png,,1,1,1,1,0,D:\.bb\prepared_side
side_eb6a8b70,images/side_eb6a8b70.jpeg,CRH5-001A-09-FrontSide,eb6a8b70,side,4925,1080,masks/body/side_eb6a8b70.png,masks/windshield/side_eb6a8b70.png,masks/bogie/side_eb6a8b70.png,masks/door/side_eb6a8b70.png,,1,1,1,1,0,D:\.bb\prepared_side
side_ec56eed2,images/side_ec56eed2.jpg,CRH380G_05-Side_Front,ec56eed2,side,4895,1080,masks/body/side_ec56eed2.png,masks/windshield/side_ec56eed2.png,masks/bogie/side_ec56eed2.png,masks/door/side_ec56eed2.png,,1,1,1,1,0,D:\.bb\prepared_side
side_ec772f85,images/side_ec772f85.jpg,CRH380BL_10-Side_Front,ec772f85,side,4849,1080,masks/body/side_ec772f85.png,masks/windshield/side_ec772f85.png,masks/bogie/side_ec772f85.png,masks/door/side_ec772f85.png,,1,1,1,1,0,D:\.bb\prepared_side
side_eca2dd71,images/side_eca2dd71.jpg,CR200J_D_09_FrontSide,eca2dd71,side,4667,1088,masks/body/side_eca2dd71.png,masks/windshield/side_eca2dd71.png,masks/bogie/side_eca2dd71.png,masks/door/side_eca2dd71.png,,1,1,1,1,0,D:\.bb\prepared_side
side_ecc9f1d9,images/side_ecc9f1d9.jpg,CRH6A-0618-Side_Front,ecc9f1d9,side,4977,1080,masks/body/side_ecc9f1d9.png,,masks/bogie/side_ecc9f1d9.png,masks/door/side_ecc9f1d9.png,,1,0,1,1,0,D:\.bb\prepared_side
side_ee4aed79,images/side_ee4aed79.jpg,CR200J_D_02_FrontSide,ee4aed79,side,4508,1088,masks/body/side_ee4aed79.png,masks/windshield/side_ee4aed79.png,masks/bogie/side_ee4aed79.png,masks/door/side_ee4aed79.png,,1,1,1,1,0,D:\.bb\prepared_side
side_ee9e4240,images/side_ee9e4240.jpeg,C400BF-K-0001-01-FrontSide.008,ee9e4240,side,5065,1080,masks/body/side_ee9e4240.png,masks/windshield/side_ee9e4240.png,masks/bogie/side_ee9e4240.png,masks/door/side_ee9e4240.png,,1,1,1,1,0,D:\.bb\prepared_side
side_eefcba6e,images/side_eefcba6e.jpg,CRH380B_03-Side_Front,eefcba6e,side,4942,1080,masks/body/side_eefcba6e.png,masks/windshield/side_eefcba6e.png,masks/bogie/side_eefcba6e.png,masks/door/side_eefcba6e.png,,1,1,1,1,0,D:\.bb\prepared_side
side_ef602686,images/side_ef602686.jpg,DJF1_02_Front_Side,ef602686,side,4985,1080,masks/body/side_ef602686.png,masks/windshield/side_ef602686.png,masks/bogie/side_ef602686.png,masks/door/side_ef602686.png,,1,1,1,1,0,D:\.bb\prepared_side
side_f01ac3db,images/side_f01ac3db.jpg,CRH2B_2-Side_Front,f01ac3db,side,4350,1080,masks/body/side_f01ac3db.png,masks/windshield/side_f01ac3db.png,masks/bogie/side_f01ac3db.png,,,1,1,1,0,0,D:\.bb\prepared_side
side_f02bdb68,images/side_f02bdb68.jpg,CRH380CL-Side_Front,f02bdb68,side,5008,1080,masks/body/side_f02bdb68.png,masks/windshield/side_f02bdb68.png,masks/bogie/side_f02bdb68.png,masks/door/side_f02bdb68.png,,1,1,1,1,0,D:\.bb\prepared_side
side_f1225368,images/side_f1225368.jpg,CRH2B-Side_Front,f1225368,side,4945,1080,masks/body/side_f1225368.png,masks/windshield/side_f1225368.png,masks/bogie/side_f1225368.png,masks/door/side_f1225368.png,,1,1,1,1,0,D:\.bb\prepared_side
side_f16eb637,images/side_f16eb637.jpg,CJ1_-_12_-FrontSide,f16eb637,side,4925,1080,masks/body/side_f16eb637.png,masks/windshield/side_f16eb637.png,masks/bogie/side_f16eb637.png,masks/door/side_f16eb637.png,,1,1,1,1,0,D:\.bb\prepared_side
side_f1e09495,images/side_f1e09495.jpg,CRH380BL_06-Side_Front,f1e09495,side,4903,1080,masks/body/side_f1e09495.png,masks/windshield/side_f1e09495.png,masks/bogie/side_f1e09495.png,masks/door/side_f1e09495.png,,1,1,1,1,0,D:\.bb\prepared_side
side_f25e2195,images/side_f25e2195.jpg,CR200J-B_09_FrontSide,f25e2195,side,4467,1080,masks/body/side_f25e2195.png,masks/windshield/side_f25e2195.png,masks/bogie/side_f25e2195.png,masks/door/side_f25e2195.png,,1,1,1,1,0,D:\.bb\prepared_side
side_f2740b72,images/side_f2740b72.jpg,CRH380A_1-Side_Front,f2740b72,side,4414,1080,masks/body/side_f2740b72.png,masks/windshield/side_f2740b72.png,masks/bogie/side_f2740b72.png,masks/door/side_f2740b72.png,,1,1,1,1,0,D:\.bb\prepared_side
side_f2b7fbcd,images/side_f2b7fbcd.jpg,CR200J-B_30_FrontSide,f2b7fbcd,side,4503,1080,masks/body/side_f2b7fbcd.png,masks/windshield/side_f2b7fbcd.png,masks/bogie/side_f2b7fbcd.png,masks/door/side_f2b7fbcd.png,,1,1,1,1,0,D:\.bb\prepared_side
side_f2ef36a4,images/side_f2ef36a4.jpg,CRH6F-A-0442-Side_Front,f2ef36a4,side,4978,1080,masks/body/side_f2ef36a4.png,,masks/bogie/side_f2ef36a4.png,masks/door/side_f2ef36a4.png,,1,0,1,1,0,D:\.bb\prepared_side
side_f3330b3f,images/side_f3330b3f.jpeg,CRH2G_front_side.004,f3330b3f,side,5030,1080,masks/body/side_f3330b3f.png,masks/windshield/side_f3330b3f.png,masks/bogie/side_f3330b3f.png,masks/door/side_f3330b3f.png,,1,1,1,1,0,D:\.bb\prepared_side
side_f358c7ee,images/side_f358c7ee.jpg,CR200J3-Side_Front,f358c7ee,side,4951,1080,masks/body/side_f358c7ee.png,masks/windshield/side_f358c7ee.png,masks/bogie/side_f358c7ee.png,masks/door/side_f358c7ee.png,,1,1,1,1,0,D:\.bb\prepared_side
side_f38fad77,images/side_f38fad77.jpg,CRH5E-Side_Front,f38fad77,side,5004,1080,masks/body/side_f38fad77.png,,masks/bogie/side_f38fad77.png,masks/door/side_f38fad77.png,,1,0,1,1,0,D:\.bb\prepared_side
side_f5640b9d,images/side_f5640b9d.jpg,CJ5-0506-Side_Front,f5640b9d,side,5043,1080,masks/body/side_f5640b9d.png,masks/windshield/side_f5640b9d.png,masks/bogie/side_f5640b9d.png,masks/door/side_f5640b9d.png,,1,1,1,1,0,D:\.bb\prepared_side
side_f5dce704,images/side_f5dce704.jpeg,CRH380AJ_front_side.002,f5dce704,side,4927,1080,masks/body/side_f5dce704.png,masks/windshield/side_f5dce704.png,masks/bogie/side_f5dce704.png,masks/door/side_f5dce704.png,,1,1,1,1,0,D:\.bb\prepared_side
side_f6448dc5,images/side_f6448dc5.jpg,CRH380BL_09-Side_Front,f6448dc5,side,4858,1080,masks/body/side_f6448dc5.png,masks/windshield/side_f6448dc5.png,masks/bogie/side_f6448dc5.png,,,1,1,1,0,0,D:\.bb\prepared_side
side_f6b1dd73,images/side_f6b1dd73.jpg,CRH1B_3-Side_Front,f6b1dd73,side,4360,1080,masks/body/side_f6b1dd73.png,masks/windshield/side_f6b1dd73.png,masks/bogie/side_f6b1dd73.png,masks/door/side_f6b1dd73.png,,1,1,1,1,0,D:\.bb\prepared_side
side_f6ec845a,images/side_f6ec845a.jpeg,CRH2J_front_side.008,f6ec845a,side,4882,1080,masks/body/side_f6ec845a.png,masks/windshield/side_f6ec845a.png,masks/bogie/side_f6ec845a.png,masks/door/side_f6ec845a.png,,1,1,1,1,0,D:\.bb\prepared_side
side_f725a473,images/side_f725a473.jpg,CR200J-B_04_FrontSide,f725a473,side,4365,1081,masks/body/side_f725a473.png,masks/windshield/side_f725a473.png,masks/bogie/side_f725a473.png,masks/door/side_f725a473.png,,1,1,1,1,0,D:\.bb\prepared_side
side_f755fdf2,images/side_f755fdf2.jpeg,CRH2H_front_side.021,f755fdf2,side,5108,1080,masks/body/side_f755fdf2.png,masks/windshield/side_f755fdf2.png,masks/bogie/side_f755fdf2.png,masks/door/side_f755fdf2.png,,1,1,1,1,0,D:\.bb\prepared_side
side_f7567cf2,images/side_f7567cf2.jpg,CR200J-B_43_FrontSide,f7567cf2,side,4495,1080,masks/body/side_f7567cf2.png,masks/windshield/side_f7567cf2.png,masks/bogie/side_f7567cf2.png,,,1,1,1,0,0,D:\.bb\prepared_side
side_f7a58763,images/side_f7a58763.jpeg,CRH2C_front_side.003,f7a58763,side,4914,1080,masks/body/side_f7a58763.png,masks/windshield/side_f7a58763.png,masks/bogie/side_f7a58763.png,masks/door/side_f7a58763.png,,1,1,1,1,0,D:\.bb\prepared_side
side_f7d989a9,images/side_f7d989a9.jpg,CR400BF-0507-Side_Front,f7d989a9,side,4960,1080,masks/body/side_f7d989a9.png,masks/windshield/side_f7d989a9.png,masks/bogie/side_f7d989a9.png,masks/door/side_f7d989a9.png,,1,1,1,1,0,D:\.bb\prepared_side
side_f818b30d,images/side_f818b30d.jpeg,CRH380AJ_front_side.020,f818b30d,side,4990,1080,masks/body/side_f818b30d.png,masks/windshield/side_f818b30d.png,masks/bogie/side_f818b30d.png,masks/door/side_f818b30d.png,,1,1,1,1,0,D:\.bb\prepared_side
side_f846c3cf,images/side_f846c3cf.jpg,CR200J-B_23_FrontSide,f846c3cf,side,4491,1080,masks/body/side_f846c3cf.png,masks/windshield/side_f846c3cf.png,masks/bogie/side_f846c3cf.png,masks/door/side_f846c3cf.png,,1,1,1,1,0,D:\.bb\prepared_side
side_f89dcc52,images/side_f89dcc52.jpg,CR450AF_17_FrontSide,f89dcc52,side,4824,1088,masks/body/side_f89dcc52.png,masks/windshield/side_f89dcc52.png,masks/bogie/side_f89dcc52.png,masks/door/side_f89dcc52.png,,1,1,1,1,0,D:\.bb\prepared_side
side_f90b1dd0,images/side_f90b1dd0.jpeg,C400BF-K-0001-01-FrontSide.001,f90b1dd0,side,5166,1080,masks/body/side_f90b1dd0.png,masks/windshield/side_f90b1dd0.png,masks/bogie/side_f90b1dd0.png,masks/door/side_f90b1dd0.png,,1,1,1,1,0,D:\.bb\prepared_side
side_f970f14d,images/side_f970f14d.jpg,CR450AF_29_FrontSide,f970f14d,side,4791,1088,masks/body/side_f970f14d.png,masks/windshield/side_f970f14d.png,masks/bogie/side_f970f14d.png,masks/door/side_f970f14d.png,,1,1,1,1,0,D:\.bb\prepared_side
side_f97c2b6e,images/side_f97c2b6e.jpg,CRH380G_09-Side_Front,f97c2b6e,side,4858,1080,masks/body/side_f97c2b6e.png,masks/windshield/side_f97c2b6e.png,masks/bogie/side_f97c2b6e.png,masks/door/side_f97c2b6e.png,,1,1,1,1,0,D:\.bb\prepared_side
side_f9d43a75,images/side_f9d43a75.jpeg,CR400BF-J-0003-06-FrontSide,f9d43a75,side,5046,1080,masks/body/side_f9d43a75.png,masks/windshield/side_f9d43a75.png,masks/bogie/side_f9d43a75.png,masks/door/side_f9d43a75.png,,1,1,1,1,0,D:\.bb\prepared_side
side_f9f2436e,images/side_f9f2436e.jpg,KDZ1A-Side_Front,f9f2436e,side,4970,1080,masks/body/side_f9f2436e.png,masks/windshield/side_f9f2436e.png,masks/bogie/side_f9f2436e.png,masks/door/side_f9f2436e.png,,1,1,1,1,0,D:\.bb\prepared_side
side_fb32fca6,images/side_fb32fca6.jpg,CR200J-Side_Front,fb32fca6,side,4933,1080,masks/body/side_fb32fca6.png,masks/windshield/side_fb32fca6.png,masks/bogie/side_fb32fca6.png,masks/door/side_fb32fca6.png,,1,1,1,1,0,D:\.bb\prepared_side
side_fb48707a,images/side_fb48707a.jpg,CJ5_-_0505_-_06_-_FrontSide,fb48707a,side,4813,1080,masks/body/side_fb48707a.png,masks/windshield/side_fb48707a.png,masks/bogie/side_fb48707a.png,masks/door/side_fb48707a.png,,1,1,1,1,0,D:\.bb\prepared_side
side_fb7ac7ca,images/side_fb7ac7ca.jpeg,C400BF-K-0001-01-FrontSide.003,fb7ac7ca,side,5179,1080,masks/body/side_fb7ac7ca.png,masks/windshield/side_fb7ac7ca.png,masks/bogie/side_fb7ac7ca.png,masks/door/side_fb7ac7ca.png,,1,1,1,1,0,D:\.bb\prepared_side
side_fbbd87b0,images/side_fbbd87b0.jpg,CRH6A_06_FrontSide,fbbd87b0,side,4651,1088,masks/body/side_fbbd87b0.png,masks/windshield/side_fbbd87b0.png,masks/bogie/side_fbbd87b0.png,masks/door/side_fbbd87b0.png,,1,1,1,1,0,D:\.bb\prepared_side
side_fbef5b94,images/side_fbef5b94.jpg,CR200J-B_10_FrontSide,fbef5b94,side,4493,1080,masks/body/side_fbef5b94.png,masks/windshield/side_fbef5b94.png,masks/bogie/side_fbef5b94.png,masks/door/side_fbef5b94.png,,1,1,1,1,0,D:\.bb\prepared_side
side_fbfd9c89,images/side_fbfd9c89.jpg,CRH1E_NEW_7-Side_Front,fbfd9c89,side,4326,1080,masks/body/side_fbfd9c89.png,masks/windshield/side_fbfd9c89.png,masks/bogie/side_fbfd9c89.png,masks/door/side_fbfd9c89.png,,1,1,1,1,0,D:\.bb\prepared_side
side_fc04f4f4,images/side_fc04f4f4.png,CJ2_-_08_-_FrontSide,fc04f4f4,side,4767,1080,masks/body/side_fc04f4f4.png,masks/windshield/side_fc04f4f4.png,masks/bogie/side_fc04f4f4.png,masks/door/side_fc04f4f4.png,,1,1,1,1,0,D:\.bb\prepared_side
side_fc28c831,images/side_fc28c831.jpg,CRH3A_06-Side_Front,fc28c831,side,4758,1080,masks/body/side_fc28c831.png,masks/windshield/side_fc28c831.png,masks/bogie/side_fc28c831.png,masks/door/side_fc28c831.png,,1,1,1,1,0,D:\.bb\prepared_side
side_fc4ce755,images/side_fc4ce755.jpeg,CRH0307-0001-03-FrontSide,fc4ce755,side,4972,1080,masks/body/side_fc4ce755.png,masks/windshield/side_fc4ce755.png,masks/bogie/side_fc4ce755.png,masks/door/side_fc4ce755.png,,1,1,1,1,0,D:\.bb\prepared_side
side_fc614ac2,images/side_fc614ac2.jpg,CRH380BG-Side_Front,fc614ac2,side,4979,1080,masks/body/side_fc614ac2.png,masks/windshield/side_fc614ac2.png,masks/bogie/side_fc614ac2.png,masks/door/side_fc614ac2.png,,1,1,1,1,0,D:\.bb\prepared_side
side_fccd4809,images/side_fccd4809.jpg,CR400BF_6-Side_Front,fccd4809,side,4410,1080,masks/body/side_fccd4809.png,masks/windshield/side_fccd4809.png,masks/bogie/side_fccd4809.png,masks/door/side_fccd4809.png,,1,1,1,1,0,D:\.bb\prepared_side
side_fcec73b9,images/side_fcec73b9.jpg,CR300AF-0001-Side_Front,fcec73b9,side,4990,1080,masks/body/side_fcec73b9.png,masks/windshield/side_fcec73b9.png,masks/bogie/side_fcec73b9.png,masks/door/side_fcec73b9.png,,1,1,1,1,0,D:\.bb\prepared_side
side_fd1ca7c1,images/side_fd1ca7c1.jpeg,CRH5-001A-06-FrontSide,fd1ca7c1,side,4922,1080,masks/body/side_fd1ca7c1.png,masks/windshield/side_fd1ca7c1.png,masks/bogie/side_fd1ca7c1.png,masks/door/side_fd1ca7c1.png,,1,1,1,1,0,D:\.bb\prepared_side
side_fd6666fb,images/side_fd6666fb.jpg,CRH380CL_02-Side_Front,fd6666fb,side,4898,1080,masks/body/side_fd6666fb.png,masks/windshield/side_fd6666fb.png,masks/bogie/side_fd6666fb.png,masks/door/side_fd6666fb.png,,1,1,1,1,0,D:\.bb\prepared_side
side_fdeddb7c,images/side_fdeddb7c.jpg,CR450AF_05_FrontSide,fdeddb7c,side,4879,1088,masks/body/side_fdeddb7c.png,masks/windshield/side_fdeddb7c.png,masks/bogie/side_fdeddb7c.png,masks/door/side_fdeddb7c.png,,1,1,1,1,0,D:\.bb\prepared_side
side_fdf7f50f,images/side_fdf7f50f.jpg,CRH380A0-Side_Front,fdf7f50f,side,4914,1080,masks/body/side_fdf7f50f.png,masks/windshield/side_fdf7f50f.png,masks/bogie/side_fdf7f50f.png,masks/door/side_fdf7f50f.png,,1,1,1,1,0,D:\.bb\prepared_side
side_fea8ad4a,images/side_fea8ad4a.jpg,CR300AF-0003_-_04_-_FrontSide,fea8ad4a,side,4827,1080,masks/body/side_fea8ad4a.png,masks/windshield/side_fea8ad4a.png,masks/bogie/side_fea8ad4a.png,,,1,1,1,0,0,D:\.bb\prepared_side
side_ff8a8023,images/side_ff8a8023.jpeg,CRH2C_front_side.010,ff8a8023,side,5032,1080,masks/body/side_ff8a8023.png,,masks/bogie/side_ff8a8023.png,masks/door/side_ff8a8023.png,,1,0,1,1,0,D:\.bb\prepared_side
side_ff9e9bf2,images/side_ff9e9bf2.jpg,C300BF-K-0001-Side_Front,ff9e9bf2,side,4983,1080,masks/body/side_ff9e9bf2.png,masks/windshield/side_ff9e9bf2.png,masks/bogie/side_ff9e9bf2.png,masks/door/side_ff9e9bf2.png,,1,1,1,1,0,D:\.bb\prepared_side
side_ff9ec71b,images/side_ff9ec71b.jpg,CR400BF-Z-0524-Side_Front,ff9ec71b,side,4997,1080,masks/body/side_ff9ec71b.png,masks/windshield/side_ff9ec71b.png,masks/bogie/side_ff9ec71b.png,masks/door/side_ff9ec71b.png,,1,1,1,1,0,D:\.bb\prepared_side
