sample_id,image_path,vehicle_id,view,device_id,source_batch,pair_id
front_c0210454,F:\大三下学期\培养方案\保研\康国梁老师\语义分割\语义分割\训练数据\04_archive_joint_segformer\data_prepared\prepared_front\images\c0210454-CJ1_-_06_-FrontSide_front.jpg,CJ1_-_06_-FrontSide,front,pipeline_1080,prepared_front,c0210454
front_c0595a09,F:\大三下学期\培养方案\保研\康国梁老师\语义分割\语义分割\训练数据\04_archive_joint_segformer\data_prepared\prepared_front\images\c0595a09-C300BF-K-0001-05-FrontSide_front.jpeg,C300BF-K-0001-05-FrontSide,front,pipeline_1080,prepared_front,c0595a09
front_c06956a5,F:\大三下学期\培养方案\保研\康国梁老师\语义分割\语义分割\训练数据\04_archive_joint_segformer\data_prepared\prepared_front\images\c06956a5-NYJ1-7001A-Side_Front_front.jpg,NYJ1-7001A-Side_Front,front,pipeline_1080,prepared_front,c06956a5
front_c114f990,F:\大三下学期\培养方案\保研\康国梁老师\语义分割\语义分割\训练数据\04_archive_joint_segformer\data_prepared\prepared_front\images\c114f990-CRH2_2-Side_Front_front.jpg,CRH2_2-Side_Front,front,pipeline_1080,prepared_front,c114f990
front_c13e8906,F:\大三下学期\培养方案\保研\康国梁老师\语义分割\语义分割\训练数据\04_archive_joint_segformer\data_prepared\prepared_front\images\c13e8906-DJF1_10_Front_Side_front.jpg,DJF1_10_Front_Side,front,pipeline_1080,prepared_front,c13e8906
front_c160cbda,F:\大三下学期\培养方案\保研\康国梁老师\语义分割\语义分割\训练数据\04_archive_joint_segformer\data_prepared\prepared_front\images\c160cbda-KDZ1_05_FrontSide_front.jpg,KDZ1_05_FrontSide,front,pipeline_1080,prepared_front,c160cbda
front_c200e5c1,F:\大三下学期\培养方案\保研\康国梁老师\语义分割\语义分割\训练数据\04_archive_joint_segformer\data_prepared\prepared_front\images\c200e5c1-CRH3C-08-FrontSide_front.jpeg,CRH3C-08-FrontSide,front,pipeline_1080,prepared_front,c200e5c1
front_c243126c,F:\大三下学期\培养方案\保研\康国梁老师\语义分割\语义分割\训练数据\04_archive_joint_segformer\data_prepared\prepared_front\images\c243126c-CRH2E_front_side.008_front.jpeg,CRH2E_front_side.008,front,pipeline_1080,prepared_front,c243126c
front_c281fd76,F:\大三下学期\培养方案\保研\康国梁老师\语义分割\语义分割\训练数据\04_archive_joint_segformer\data_prepared\prepared_front\images\c281fd76-CR200J2-JT001-Side_Front_front.jpg,CR200J2-JT001-Side_Front,front,pipeline_1080,prepared_front,c281fd76
front_c376fc3a,F:\大三下学期\培养方案\保研\康国梁老师\语义分割\语义分割\训练数据\04_archive_joint_segformer\data_prepared\prepared_front\images\c376fc3a-CRH6A_01_FrontSide_front.jpg,CRH6A_01_FrontSide,front,pipeline_1080,prepared_front,c376fc3a
front_c41e5b42,F:\大三下学期\培养方案\保研\康国梁老师\语义分割\语义分割\训练数据\04_archive_joint_segformer\data_prepared\prepared_front\images\c41e5b42-CR200J-B_17_FrontSide_front.jpg,CR200J-B_17_FrontSide,front,pipeline_1080,prepared_front,c41e5b42
front_c4785362,F:\大三下学期\培养方案\保研\康国梁老师\语义分割\语义分割\训练数据\04_archive_joint_segformer\data_prepared\prepared_front\images\c4785362-CJ1-Side_Front_front.jpg,CJ1-Side_Front,front,pipeline_1080,prepared_front,c4785362
front_c5d4f45e,F:\大三下学期\培养方案\保研\康国梁老师\语义分割\语义分割\训练数据\04_archive_joint_segformer\data_prepared\prepared_front\images\c5d4f45e-CRH400AF-A-01-FrontSide_front.jpeg,CRH400AF-A-01-FrontSide,front,pipeline_1080,prepared_front,c5d4f45e
front_c6297dfc,F:\大三下学期\培养方案\保研\康国梁老师\语义分割\语义分割\训练数据\04_archive_joint_segformer\data_prepared\prepared_front\images\c6297dfc-CRH380D_04-Side_Front_front.jpg,CRH380D_04-Side_Front,front,pipeline_1080,prepared_front,c6297dfc
front_c6369d2c,F:\大三下学期\培养方案\保研\康国梁老师\语义分割\语义分割\训练数据\04_archive_joint_segformer\data_prepared\prepared_front\images\c6369d2c-CRH6F-A-0447-Side_Front_front.jpg,CRH6F-A-0447-Side_Front,front,pipeline_1080,prepared_front,c6369d2c
front_c68fddff,F:\大三下学期\培养方案\保研\康国梁老师\语义分割\语义分割\训练数据\04_archive_joint_segformer\data_prepared\prepared_front\images\c68fddff-CR200J2-JT001_08_FrontSide_2_front.jpg,CR200J2-JT001_08_FrontSide_2,front,pipeline_1080,prepared_front,c68fddff
front_c6a2a9f2,F:\大三下学期\培养方案\保研\康国梁老师\语义分割\语义分割\训练数据\04_archive_joint_segformer\data_prepared\prepared_front\images\c6a2a9f2-CR200J-B_06_FrontSide_front.jpg,CR200J-B_06_FrontSide,front,pipeline_1080,prepared_front,c6a2a9f2
front_c6b5a504,F:\大三下学期\培养方案\保研\康国梁老师\语义分割\语义分割\训练数据\04_archive_joint_segformer\data_prepared\prepared_front\images\c6b5a504-CRH2A_8-Side_Front_front.jpg,CRH2A_8-Side_Front,front,pipeline_1080,prepared_front,c6b5a504
front_c7401f30,F:\大三下学期\培养方案\保研\康国梁老师\语义分割\语义分割\训练数据\04_archive_joint_segformer\data_prepared\prepared_front\images\c7401f30-C400BF-K-0001-Side_Front_front.jpg,C400BF-K-0001-Side_Front,front,pipeline_1080,prepared_front,c7401f30
front_c7488cdc,F:\大三下学期\培养方案\保研\康国梁老师\语义分割\语义分割\训练数据\04_archive_joint_segformer\data_prepared\prepared_front\images\c7488cdc-CRH3A-Side_Front_front.jpg,CRH3A-Side_Front,front,pipeline_1080,prepared_front,c7488cdc
front_c74e3aab,F:\大三下学期\培养方案\保研\康国梁老师\语义分割\语义分割\训练数据\04_archive_joint_segformer\data_prepared\prepared_front\images\c74e3aab-CR450AF_07_FrontSide_front.jpg,CR450AF_07_FrontSide,front,pipeline_1080,prepared_front,c74e3aab
front_c8b1a412,F:\大三下学期\培养方案\保研\康国梁老师\语义分割\语义分割\训练数据\04_archive_joint_segformer\data_prepared\prepared_front\images\c8b1a412-CR400BF_26_FrontSide_front.jpg,CR400BF_26_FrontSide,front,pipeline_1080,prepared_front,c8b1a412
front_c9b4ea66,F:\大三下学期\培养方案\保研\康国梁老师\语义分割\语义分割\训练数据\04_archive_joint_segformer\data_prepared\prepared_front\images\c9b4ea66-CRH2J_front_side.009_front.jpeg,CRH2J_front_side.009,front,pipeline_1080,prepared_front,c9b4ea66
front_c9c00fa3,F:\大三下学期\培养方案\保研\康国梁老师\语义分割\语义分割\训练数据\04_archive_joint_segformer\data_prepared\prepared_front\images\c9c00fa3-CR400BF-A-Side_Front_front.jpg,CR400BF-A-Side_Front,front,pipeline_1080,prepared_front,c9c00fa3
front_caf4bb10,F:\大三下学期\培养方案\保研\康国梁老师\语义分割\语义分割\训练数据\04_archive_joint_segformer\data_prepared\prepared_front\images\caf4bb10-CRH0307-0001-04-FrontSide_front.jpeg,CRH0307-0001-04-FrontSide,front,pipeline_1080,prepared_front,caf4bb10
front_cafe0864,F:\大三下学期\培养方案\保研\康国梁老师\语义分割\语义分割\训练数据\04_archive_joint_segformer\data_prepared\prepared_front\images\cafe0864-CRH380AJ-0201-Side_Front_front.jpg,CRH380AJ-0201-Side_Front,front,pipeline_1080,prepared_front,cafe0864
front_cb071342,F:\大三下学期\培养方案\保研\康国梁老师\语义分割\语义分割\训练数据\04_archive_joint_segformer\data_prepared\prepared_front\images\cb071342-CRH380CL_05-Side_Front_front.jpg,CRH380CL_05-Side_Front,front,pipeline_1080,prepared_front,cb071342
front_cbb298cd,F:\大三下学期\培养方案\保研\康国梁老师\语义分割\语义分割\训练数据\04_archive_joint_segformer\data_prepared\prepared_front\images\cbb298cd-DDJ2_09_Front_Side_front.jpg,DDJ2_09_Front_Side,front,pipeline_1080,prepared_front,cbb298cd
front_cdba4ea9,F:\大三下学期\培养方案\保研\康国梁老师\语义分割\语义分割\训练数据\04_archive_joint_segformer\data_prepared\prepared_front\images\cdba4ea9-CR450AF_11_FrontSide_front.jpg,CR450AF_11_FrontSide,front,pipeline_1080,prepared_front,cdba4ea9
front_ce572f2e,F:\大三下学期\培养方案\保研\康国梁老师\语义分割\语义分割\训练数据\04_archive_joint_segformer\data_prepared\prepared_front\images\ce572f2e-CR400BF_06_FrontSide_front.jpg,CR400BF_06_FrontSide,front,pipeline_1080,prepared_front,ce572f2e
front_ce7eae8d,F:\大三下学期\培养方案\保研\康国梁老师\语义分割\语义分割\训练数据\04_archive_joint_segformer\data_prepared\prepared_front\images\ce7eae8d-CRH380AJ_front_side.015_front.jpeg,CRH380AJ_front_side.015,front,pipeline_1080,prepared_front,ce7eae8d
front_ced3a81c,F:\大三下学期\培养方案\保研\康国梁老师\语义分割\语义分割\训练数据\04_archive_joint_segformer\data_prepared\prepared_front\images\ced3a81c-CRH2G_front_side.005_front.jpeg,CRH2G_front_side.005,front,pipeline_1080,prepared_front,ced3a81c
front_cf0b141b,F:\大三下学期\培养方案\保研\康国梁老师\语义分割\语义分割\训练数据\04_archive_joint_segformer\data_prepared\prepared_front\images\cf0b141b-CR300AF-0003_-_05_-_FrontSide_front.jpg,CR300AF-0003_-_05_-_FrontSide,front,pipeline_1080,prepared_front,cf0b141b
front_cf568667,F:\大三下学期\培养方案\保研\康国梁老师\语义分割\语义分割\训练数据\04_archive_joint_segformer\data_prepared\prepared_front\images\cf568667-CRH380AM_front_side.009_front.jpeg,CRH380AM_front_side.009,front,pipeline_1080,prepared_front,cf568667
front_cf68234d,F:\大三下学期\培养方案\保研\康国梁老师\语义分割\语义分割\训练数据\04_archive_joint_segformer\data_prepared\prepared_front\images\cf68234d-CR450AF_32_FrontSide_front.jpg,CR450AF_32_FrontSide,front,pipeline_1080,prepared_front,cf68234d
front_cf6a0fcc,F:\大三下学期\培养方案\保研\康国梁老师\语义分割\语义分割\训练数据\04_archive_joint_segformer\data_prepared\prepared_front\images\cf6a0fcc-CJ6_-_02_-_FrontSide_front.jpg,CJ6_-_02_-_FrontSide,front,pipeline_1080,prepared_front,cf6a0fcc
front_cfe15c12,F:\大三下学期\培养方案\保研\康国梁老师\语义分割\语义分割\训练数据\04_archive_joint_segformer\data_prepared\prepared_front\images\cfe15c12-DDJ1_09_Front_Side_front.jpg,DDJ1_09_Front_Side,front,pipeline_1080,prepared_front,cfe15c12
front_cffc54b0,F:\大三下学期\培养方案\保研\康国梁老师\语义分割\语义分割\训练数据\04_archive_joint_segformer\data_prepared\prepared_front\images\cffc54b0-CRH380CL_07-Side_Front_front.jpg,CRH380CL_07-Side_Front,front,pipeline_1080,prepared_front,cffc54b0
front_d092a361,F:\大三下学期\培养方案\保研\康国梁老师\语义分割\语义分割\训练数据\04_archive_joint_segformer\data_prepared\prepared_front\images\d092a361-CR450AF_22_FrontSide_front.jpg,CR450AF_22_FrontSide,front,pipeline_1080,prepared_front,d092a361
front_d12dc6b3,F:\大三下学期\培养方案\保研\康国梁老师\语义分割\语义分割\训练数据\04_archive_joint_segformer\data_prepared\prepared_front\images\d12dc6b3-CR200J2-JT001_02_Frontside_2_front.jpg,CR200J2-JT001_02_Frontside_2,front,pipeline_1080,prepared_front,d12dc6b3
front_d1768f23,F:\大三下学期\培养方案\保研\康国梁老师\语义分割\语义分割\训练数据\04_archive_joint_segformer\data_prepared\prepared_front\images\d1768f23-CR450AF_18_FrontSide_front.jpg,CR450AF_18_FrontSide,front,pipeline_1080,prepared_front,d1768f23
front_d17f132f,F:\大三下学期\培养方案\保研\康国梁老师\语义分割\语义分割\训练数据\04_archive_joint_segformer\data_prepared\prepared_front\images\d17f132f-DJF1_09_Front_Side_front.jpg,DJF1_09_Front_Side,front,pipeline_1080,prepared_front,d17f132f
front_d1f80c59,F:\大三下学期\培养方案\保研\康国梁老师\语义分割\语义分割\训练数据\04_archive_joint_segformer\data_prepared\prepared_front\images\d1f80c59-DJF1_08_Front_Side_front.jpg,DJF1_08_Front_Side,front,pipeline_1080,prepared_front,d1f80c59
front_d25405c9,F:\大三下学期\培养方案\保研\康国梁老师\语义分割\语义分割\训练数据\04_archive_joint_segformer\data_prepared\prepared_front\images\d25405c9-CRH2_4-Side_Front_front.jpg,CRH2_4-Side_Front,front,pipeline_1080,prepared_front,d25405c9
front_d2af429c,F:\大三下学期\培养方案\保研\康国梁老师\语义分割\语义分割\训练数据\04_archive_joint_segformer\data_prepared\prepared_front\images\d2af429c-CRH2E_front_side.005_front.jpeg,CRH2E_front_side.005,front,pipeline_1080,prepared_front,d2af429c
front_d2d08a68,F:\大三下学期\培养方案\保研\康国梁老师\语义分割\语义分割\训练数据\04_archive_joint_segformer\data_prepared\prepared_front\images\d2d08a68-CR200J-B_34_FrontSide_front.jpg,CR200J-B_34_FrontSide,front,pipeline_1080,prepared_front,d2d08a68
front_d340918f,F:\大三下学期\培养方案\保研\康国梁老师\语义分割\语义分割\训练数据\04_archive_joint_segformer\data_prepared\prepared_front\images\d340918f-CR400BF-J-0003-07-FrontSide_front.jpeg,CR400BF-J-0003-07-FrontSide,front,pipeline_1080,prepared_front,d340918f
front_d3538806,F:\大三下学期\培养方案\保研\康国梁老师\语义分割\语义分割\训练数据\04_archive_joint_segformer\data_prepared\prepared_front\images\d3538806-CRH380G_04-Side_Front_front.jpg,CRH380G_04-Side_Front,front,pipeline_1080,prepared_front,d3538806
front_d37ef0a7,F:\大三下学期\培养方案\保研\康国梁老师\语义分割\语义分割\训练数据\04_archive_joint_segformer\data_prepared\prepared_front\images\d37ef0a7-CRH2C_front_side.009_front.jpeg,CRH2C_front_side.009,front,pipeline_1080,prepared_front,d37ef0a7
front_d380500e,F:\大三下学期\培养方案\保研\康国梁老师\语义分割\语义分割\训练数据\04_archive_joint_segformer\data_prepared\prepared_front\images\d380500e-CRH1E_5-Side_Front_front.jpg,CRH1E_5-Side_Front,front,pipeline_1080,prepared_front,d380500e
front_d389d69f,F:\大三下学期\培养方案\保研\康国梁老师\语义分割\语义分割\训练数据\04_archive_joint_segformer\data_prepared\prepared_front\images\d389d69f-CRH3A_02-Side_Front_front.jpg,CRH3A_02-Side_Front,front,pipeline_1080,prepared_front,d389d69f
front_d41f3360,F:\大三下学期\培养方案\保研\康国梁老师\语义分割\语义分割\训练数据\04_archive_joint_segformer\data_prepared\prepared_front\images\d41f3360-KDZ1A_22_FrontSide_front.jpg,KDZ1A_22_FrontSide,front,pipeline_1080,prepared_front,d41f3360
front_d4b9a05a,F:\大三下学期\培养方案\保研\康国梁老师\语义分割\语义分割\训练数据\04_archive_joint_segformer\data_prepared\prepared_front\images\d4b9a05a-CRH380AJ_front_side.003_front.jpeg,CRH380AJ_front_side.003,front,pipeline_1080,prepared_front,d4b9a05a
front_d4e82840,F:\大三下学期\培养方案\保研\康国梁老师\语义分割\语义分割\训练数据\04_archive_joint_segformer\data_prepared\prepared_front\images\d4e82840-NDJ3_-_02_-_FrontSide_front.jpg,NDJ3_-_02_-_FrontSide,front,pipeline_1080,prepared_front,d4e82840
front_d51c7508,F:\大三下学期\培养方案\保研\康国梁老师\语义分割\语义分割\训练数据\04_archive_joint_segformer\data_prepared\prepared_front\images\d51c7508-CRH1B_88-Side_Front_front.jpg,CRH1B_88-Side_Front,front,pipeline_1080,prepared_front,d51c7508
front_d5887d1d,F:\大三下学期\培养方案\保研\康国梁老师\语义分割\语义分割\训练数据\04_archive_joint_segformer\data_prepared\prepared_front\images\d5887d1d-CRH380AL_front_side.008_front.jpeg,CRH380AL_front_side.008,front,pipeline_1080,prepared_front,d5887d1d
front_d6156031,F:\大三下学期\培养方案\保研\康国梁老师\语义分割\语义分割\训练数据\04_archive_joint_segformer\data_prepared\prepared_front\images\d6156031-DDJ1_04_Front_Side_front.jpg,DDJ1_04_Front_Side,front,pipeline_1080,prepared_front,d6156031
front_d6ac0554,F:\大三下学期\培养方案\保研\康国梁老师\语义分割\语义分割\训练数据\04_archive_joint_segformer\data_prepared\prepared_front\images\d6ac0554-CRH380AM_front_side.002_front.jpeg,CRH380AM_front_side.002,front,pipeline_1080,prepared_front,d6ac0554
front_d708f4ac,F:\大三下学期\培养方案\保研\康国梁老师\语义分割\语义分割\训练数据\04_archive_joint_segformer\data_prepared\prepared_front\images\d708f4ac-C400BF-K-0001-01-FrontSide.002_front.jpeg,C400BF-K-0001-01-FrontSide.002,front,pipeline_1080,prepared_front,d708f4ac
front_d73c3e3b,F:\大三下学期\培养方案\保研\康国梁老师\语义分割\语义分割\训练数据\04_archive_joint_segformer\data_prepared\prepared_front\images\d73c3e3b-CR400BF_18_FrontSide_front.jpg,CR400BF_18_FrontSide,front,pipeline_1080,prepared_front,d73c3e3b
front_d7cd1123,F:\大三下学期\培养方案\保研\康国梁老师\语义分割\语义分割\训练数据\04_archive_joint_segformer\data_prepared\prepared_front\images\d7cd1123-CR200J_D_11_FrontSide_front.jpg,CR200J_D_11_FrontSide,front,pipeline_1080,prepared_front,d7cd1123
front_d855c79a,F:\大三下学期\培养方案\保研\康国梁老师\语义分割\语义分割\训练数据\04_archive_joint_segformer\data_prepared\prepared_front\images\d855c79a-CRH2_9-Side_Front_front.jpg,CRH2_9-Side_Front,front,pipeline_1080,prepared_front,d855c79a
front_d8a622af,F:\大三下学期\培养方案\保研\康国梁老师\语义分割\语义分割\训练数据\04_archive_joint_segformer\data_prepared\prepared_front\images\d8a622af-CR200J-B_25_FrontSide_front.jpg,CR200J-B_25_FrontSide,front,pipeline_1080,prepared_front,d8a622af
front_d9297654,F:\大三下学期\培养方案\保研\康国梁老师\语义分割\语义分割\训练数据\04_archive_joint_segformer\data_prepared\prepared_front\images\d9297654-C400BF-K-0001-01-FrontSide.009_front.jpeg,C400BF-K-0001-01-FrontSide.009,front,pipeline_1080,prepared_front,d9297654
front_d94dc343,F:\大三下学期\培养方案\保研\康国梁老师\语义分割\语义分割\训练数据\04_archive_joint_segformer\data_prepared\prepared_front\images\d94dc343-CRH380B0_01-Side_Front_front.jpg,CRH380B0_01-Side_Front,front,pipeline_1080,prepared_front,d94dc343
front_d9d1590d,F:\大三下学期\培养方案\保研\康国梁老师\语义分割\语义分割\训练数据\04_archive_joint_segformer\data_prepared\prepared_front\images\d9d1590d-CJ2-Side_Front_front.jpg,CJ2-Side_Front,front,pipeline_1080,prepared_front,d9d1590d
front_d9e6fa37,F:\大三下学期\培养方案\保研\康国梁老师\语义分割\语义分割\训练数据\04_archive_joint_segformer\data_prepared\prepared_front\images\d9e6fa37-CR200J_D_10_FrontSide_front.jpg,CR200J_D_10_FrontSide,front,pipeline_1080,prepared_front,d9e6fa37
front_da649cfc,F:\大三下学期\培养方案\保研\康国梁老师\语义分割\语义分割\训练数据\04_archive_joint_segformer\data_prepared\prepared_front\images\da649cfc-CRH380AM_front_side.007_front.jpeg,CRH380AM_front_side.007,front,pipeline_1080,prepared_front,da649cfc
front_daa63f82,F:\大三下学期\培养方案\保研\康国梁老师\语义分割\语义分割\训练数据\04_archive_joint_segformer\data_prepared\prepared_front\images\daa63f82-CJ5_-_0505_-_07_-_FrontSide_front.jpg,CJ5_-_0505_-_07_-_FrontSide,front,pipeline_1080,prepared_front,daa63f82
front_daeb6e43,F:\大三下学期\培养方案\保研\康国梁老师\语义分割\语义分割\训练数据\04_archive_joint_segformer\data_prepared\prepared_front\images\daeb6e43-CRH2G_front_side.006_front.jpeg,CRH2G_front_side.006,front,pipeline_1080,prepared_front,daeb6e43
front_db046c62,F:\大三下学期\培养方案\保研\康国梁老师\语义分割\语义分割\训练数据\04_archive_joint_segformer\data_prepared\prepared_front\images\db046c62-CRH3A_10-Side_Front_front.jpg,CRH3A_10-Side_Front,front,pipeline_1080,prepared_front,db046c62
front_db8478ea,F:\大三下学期\培养方案\保研\康国梁老师\语义分割\语义分割\训练数据\04_archive_joint_segformer\data_prepared\prepared_front\images\db8478ea-CR400AF-C-0209-Side_Front_front.jpg,CR400AF-C-0209-Side_Front,front,pipeline_1080,prepared_front,db8478ea
front_dbefa1d4,F:\大三下学期\培养方案\保研\康国梁老师\语义分割\语义分割\训练数据\04_archive_joint_segformer\data_prepared\prepared_front\images\dbefa1d4-CRH380AL_front_side.010_front.jpeg,CRH380AL_front_side.010,front,pipeline_1080,prepared_front,dbefa1d4
front_dbf18bef,F:\大三下学期\培养方案\保研\康国梁老师\语义分割\语义分割\训练数据\04_archive_joint_segformer\data_prepared\prepared_front\images\dbf18bef-CRH380AL-0256-Side_Front_front.jpg,CRH380AL-0256-Side_Front,front,pipeline_1080,prepared_front,dbf18bef
front_dc06f078,F:\大三下学期\培养方案\保研\康国梁老师\语义分割\语义分割\训练数据\04_archive_joint_segformer\data_prepared\prepared_front\images\dc06f078-CR200J-B_24_FrontSide_front.jpg,CR200J-B_24_FrontSide,front,pipeline_1080,prepared_front,dc06f078
front_de00156d,F:\大三下学期\培养方案\保研\康国梁老师\语义分割\语义分割\训练数据\04_archive_joint_segformer\data_prepared\prepared_front\images\de00156d-CR450AF_23_FrontSide_front.jpg,CR450AF_23_FrontSide,front,pipeline_1080,prepared_front,de00156d
front_de6ce488,F:\大三下学期\培养方案\保研\康国梁老师\语义分割\语义分割\训练数据\04_archive_joint_segformer\data_prepared\prepared_front\images\de6ce488-CRH380G_10-Side_Front_front.jpg,CRH380G_10-Side_Front,front,pipeline_1080,prepared_front,de6ce488
front_de7a6d93,F:\大三下学期\培养方案\保研\康国梁老师\语义分割\语义分割\训练数据\04_archive_joint_segformer\data_prepared\prepared_front\images\de7a6d93-CRH2G_front_side.012_front.jpeg,CRH2G_front_side.012,front,pipeline_1080,prepared_front,de7a6d93
front_dec74203,F:\大三下学期\培养方案\保研\康国梁老师\语义分割\语义分割\训练数据\04_archive_joint_segformer\data_prepared\prepared_front\images\dec74203-CJ1_-_10_-FrontSide_front.jpg,CJ1_-_10_-FrontSide,front,pipeline_1080,prepared_front,dec74203
front_df393a23,F:\大三下学期\培养方案\保研\康国梁老师\语义分割\语义分割\训练数据\04_archive_joint_segformer\data_prepared\prepared_front\images\df393a23-CRH380AJ_front_side.010_front.jpeg,CRH380AJ_front_side.010,front,pipeline_1080,prepared_front,df393a23
front_df39609d,F:\大三下学期\培养方案\保研\康国梁老师\语义分割\语义分割\训练数据\04_archive_joint_segformer\data_prepared\prepared_front\images\df39609d-CRH2C_front_side.001_front.jpeg,CRH2C_front_side.001,front,pipeline_1080,prepared_front,df39609d
front_df883c6b,F:\大三下学期\培养方案\保研\康国梁老师\语义分割\语义分割\训练数据\04_archive_joint_segformer\data_prepared\prepared_front\images\df883c6b-NZJ2-Side_Front_front.jpg,NZJ2-Side_Front,front,pipeline_1080,prepared_front,df883c6b
front_dfff9f2f,F:\大三下学期\培养方案\保研\康国梁老师\语义分割\语义分割\训练数据\04_archive_joint_segformer\data_prepared\prepared_front\images\dfff9f2f-CR400BF_5-Side_Front_front.jpg,CR400BF_5-Side_Front,front,pipeline_1080,prepared_front,dfff9f2f
front_e013e331,F:\大三下学期\培养方案\保研\康国梁老师\语义分割\语义分割\训练数据\04_archive_joint_segformer\data_prepared\prepared_front\images\e013e331-CRH2J-0205-Side_Front_front.jpg,CRH2J-0205-Side_Front,front,pipeline_1080,prepared_front,e013e331
front_e01b87b7,F:\大三下学期\培养方案\保研\康国梁老师\语义分割\语义分割\训练数据\04_archive_joint_segformer\data_prepared\prepared_front\images\e01b87b7-CRH3C-06-FrontSide_front.jpeg,CRH3C-06-FrontSide,front,pipeline_1080,prepared_front,e01b87b7
front_e099bfe4,F:\大三下学期\培养方案\保研\康国梁老师\语义分割\语义分割\训练数据\04_archive_joint_segformer\data_prepared\prepared_front\images\e099bfe4-KDZ1A_17_FrontSide_front.jpg,KDZ1A_17_FrontSide,front,pipeline_1080,prepared_front,e099bfe4
front_e0ae7751,F:\大三下学期\培养方案\保研\康国梁老师\语义分割\语义分割\训练数据\04_archive_joint_segformer\data_prepared\prepared_front\images\e0ae7751-CR200J-B_26_FrontSide_front.jpg,CR200J-B_26_FrontSide,front,pipeline_1080,prepared_front,e0ae7751
front_e0c08f1a,F:\大三下学期\培养方案\保研\康国梁老师\语义分割\语义分割\训练数据\04_archive_joint_segformer\data_prepared\prepared_front\images\e0c08f1a-CJ5_-_0505_-_04_-_FrontSide_front.jpg,CJ5_-_0505_-_04_-_FrontSide,front,pipeline_1080,prepared_front,e0c08f1a
front_e1214f48,F:\大三下学期\培养方案\保研\康国梁老师\语义分割\语义分割\训练数据\04_archive_joint_segformer\data_prepared\prepared_front\images\e1214f48-CRH0307-0001-01-FrontSide_front.jpeg,CRH0307-0001-01-FrontSide,front,pipeline_1080,prepared_front,e1214f48
front_e1331146,F:\大三下学期\培养方案\保研\康国梁老师\语义分割\语义分割\训练数据\04_archive_joint_segformer\data_prepared\prepared_front\images\e1331146-C300BF-K-0001-06-FrontSide_front.jpeg,C300BF-K-0001-06-FrontSide,front,pipeline_1080,prepared_front,e1331146
front_e199935e,F:\大三下学期\培养方案\保研\康国梁老师\语义分割\语义分割\训练数据\04_archive_joint_segformer\data_prepared\prepared_front\images\e199935e-CR450AF_25_FrontSide_front.jpg,CR450AF_25_FrontSide,front,pipeline_1080,prepared_front,e199935e
front_e1b067e9,F:\大三下学期\培养方案\保研\康国梁老师\语义分割\语义分割\训练数据\04_archive_joint_segformer\data_prepared\prepared_front\images\e1b067e9-CR400BF-J-0003-04-FrontSide_front.jpeg,CR400BF-J-0003-04-FrontSide,front,pipeline_1080,prepared_front,e1b067e9
front_e20f5e0e,F:\大三下学期\培养方案\保研\康国梁老师\语义分割\语义分割\训练数据\04_archive_joint_segformer\data_prepared\prepared_front\images\e20f5e0e-CR200J-B_03_FrontSide_front.jpg,CR200J-B_03_FrontSide,front,pipeline_1080,prepared_front,e20f5e0e
front_e230d8b2,F:\大三下学期\培养方案\保研\康国梁老师\语义分割\语义分割\训练数据\04_archive_joint_segformer\data_prepared\prepared_front\images\e230d8b2-CRH380BL_01-Side_Front_front.jpg,CRH380BL_01-Side_Front,front,pipeline_1080,prepared_front,e230d8b2
front_e242cab0,F:\大三下学期\培养方案\保研\康国梁老师\语义分割\语义分割\训练数据\04_archive_joint_segformer\data_prepared\prepared_front\images\e242cab0-CRH1E_NEW_1-Side_Front_front.jpg,CRH1E_NEW_1-Side_Front,front,pipeline_1080,prepared_front,e242cab0
front_e24edc48,F:\大三下学期\培养方案\保研\康国梁老师\语义分割\语义分割\训练数据\04_archive_joint_segformer\data_prepared\prepared_front\images\e24edc48-CR450AF_31_FrontSide_front.jpg,CR450AF_31_FrontSide,front,pipeline_1080,prepared_front,e24edc48
front_e25ab243,F:\大三下学期\培养方案\保研\康国梁老师\语义分割\语义分割\训练数据\04_archive_joint_segformer\data_prepared\prepared_front\images\e25ab243-CRH380D_06-Side_Front_front.jpg,CRH380D_06-Side_Front,front,pipeline_1080,prepared_front,e25ab243
front_e3955a06,F:\大三下学期\培养方案\保研\康国梁老师\语义分割\语义分割\训练数据\04_archive_joint_segformer\data_prepared\prepared_front\images\e3955a06-CRH380AL_front_side.001_front.jpeg,CRH380AL_front_side.001,front,pipeline_1080,prepared_front,e3955a06
front_e3a8b735,F:\大三下学期\培养方案\保研\康国梁老师\语义分割\语义分割\训练数据\04_archive_joint_segformer\data_prepared\prepared_front\images\e3a8b735-CRH2A_4-Side_Front_front.jpg,CRH2A_4-Side_Front,front,pipeline_1080,prepared_front,e3a8b735
front_e3b4afa2,F:\大三下学期\培养方案\保研\康国梁老师\语义分割\语义分割\训练数据\04_archive_joint_segformer\data_prepared\prepared_front\images\e3b4afa2-CRH2E_front_side.009_front.jpeg,CRH2E_front_side.009,front,pipeline_1080,prepared_front,e3b4afa2
front_e3ca4a42,F:\大三下学期\培养方案\保研\康国梁老师\语义分割\语义分割\训练数据\04_archive_joint_segformer\data_prepared\prepared_front\images\e3ca4a42-CRH2H_front_side.009_front.jpeg,CRH2H_front_side.009,front,pipeline_1080,prepared_front,e3ca4a42
front_e42fa9f6,F:\大三下学期\培养方案\保研\康国梁老师\语义分割\语义分割\训练数据\04_archive_joint_segformer\data_prepared\prepared_front\images\e42fa9f6-CRH2A_9-Side_Front_front.jpg,CRH2A_9-Side_Front,front,pipeline_1080,prepared_front,e42fa9f6
front_e457b93f,F:\大三下学期\培养方案\保研\康国梁老师\语义分割\语义分割\训练数据\04_archive_joint_segformer\data_prepared\prepared_front\images\e457b93f-CRH2B_5-Side_Front_front.jpg,CRH2B_5-Side_Front,front,pipeline_1080,prepared_front,e457b93f
front_e481c2ca,F:\大三下学期\培养方案\保研\康国梁老师\语义分割\语义分割\训练数据\04_archive_joint_segformer\data_prepared\prepared_front\images\e481c2ca-C300BF-K-0001-08-FrontSide_front.jpeg,C300BF-K-0001-08-FrontSide,front,pipeline_1080,prepared_front,e481c2ca
front_e48ee024,F:\大三下学期\培养方案\保研\康国梁老师\语义分割\语义分割\训练数据\04_archive_joint_segformer\data_prepared\prepared_front\images\e48ee024-CRH2_6-Side_Front_front.jpg,CRH2_6-Side_Front,front,pipeline_1080,prepared_front,e48ee024
front_e499ed21,F:\大三下学期\培养方案\保研\康国梁老师\语义分割\语义分割\训练数据\04_archive_joint_segformer\data_prepared\prepared_front\images\e499ed21-CR400BF-C-5144-Side_Front_front.jpg,CR400BF-C-5144-Side_Front,front,pipeline_1080,prepared_front,e499ed21
front_e4a4650b,F:\大三下学期\培养方案\保研\康国梁老师\语义分割\语义分割\训练数据\04_archive_joint_segformer\data_prepared\prepared_front\images\e4a4650b-CR400BF_12_FrontSide_front.jpg,CR400BF_12_FrontSide,front,pipeline_1080,prepared_front,e4a4650b
front_e4d117a2,F:\大三下学期\培养方案\保研\康国梁老师\语义分割\语义分割\训练数据\04_archive_joint_segformer\data_prepared\prepared_front\images\e4d117a2-CR450AF_16_FrontSide_front.jpg,CR450AF_16_FrontSide,front,pipeline_1080,prepared_front,e4d117a2
front_e4e6f468,F:\大三下学期\培养方案\保研\康国梁老师\语义分割\语义分割\训练数据\04_archive_joint_segformer\data_prepared\prepared_front\images\e4e6f468-CRH380B0_09-Side_Front_front.jpg,CRH380B0_09-Side_Front,front,pipeline_1080,prepared_front,e4e6f468
front_e4fae8f4,F:\大三下学期\培养方案\保研\康国梁老师\语义分割\语义分割\训练数据\04_archive_joint_segformer\data_prepared\prepared_front\images\e4fae8f4-CRH6F-4003-Side_Front_front.jpg,CRH6F-4003-Side_Front,front,pipeline_1080,prepared_front,e4fae8f4
front_e5135878,F:\大三下学期\培养方案\保研\康国梁老师\语义分割\语义分割\训练数据\04_archive_joint_segformer\data_prepared\prepared_front\images\e5135878-CRH380AJ_front_side.005_front.jpeg,CRH380AJ_front_side.005,front,pipeline_1080,prepared_front,e5135878
front_e54d135b,F:\大三下学期\培养方案\保研\康国梁老师\语义分割\语义分割\训练数据\04_archive_joint_segformer\data_prepared\prepared_front\images\e54d135b-KDZ1A_08_FrontSide_front.jpg,KDZ1A_08_FrontSide,front,pipeline_1080,prepared_front,e54d135b
front_e5f822d2,F:\大三下学期\培养方案\保研\康国梁老师\语义分割\语义分割\训练数据\04_archive_joint_segformer\data_prepared\prepared_front\images\e5f822d2-CRH380AJ_front_side.016_front.jpeg,CRH380AJ_front_side.016,front,pipeline_1080,prepared_front,e5f822d2
front_e61b2a71,F:\大三下学期\培养方案\保研\康国梁老师\语义分割\语义分割\训练数据\04_archive_joint_segformer\data_prepared\prepared_front\images\e61b2a71-CRH2H_front_side.007_front.jpeg,CRH2H_front_side.007,front,pipeline_1080,prepared_front,e61b2a71
front_e65d9c62,F:\大三下学期\培养方案\保研\康国梁老师\语义分割\语义分割\训练数据\04_archive_joint_segformer\data_prepared\prepared_front\images\e65d9c62-CRH380AL_front_side.009_front.jpeg,CRH380AL_front_side.009,front,pipeline_1080,prepared_front,e65d9c62
front_e6641cdc,F:\大三下学期\培养方案\保研\康国梁老师\语义分割\语义分割\训练数据\04_archive_joint_segformer\data_prepared\prepared_front\images\e6641cdc-CRH380A_10-Side_Front_front.jpg,CRH380A_10-Side_Front,front,pipeline_1080,prepared_front,e6641cdc
front_e68f7336,F:\大三下学期\培养方案\保研\康国梁老师\语义分割\语义分割\训练数据\04_archive_joint_segformer\data_prepared\prepared_front\images\e68f7336-CRH2C_front_side.005_front.jpeg,CRH2C_front_side.005,front,pipeline_1080,prepared_front,e68f7336
front_e696b62d,F:\大三下学期\培养方案\保研\康国梁老师\语义分割\语义分割\训练数据\04_archive_joint_segformer\data_prepared\prepared_front\images\e696b62d-DDJ2_07_Front_Side_front.jpg,DDJ2_07_Front_Side,front,pipeline_1080,prepared_front,e696b62d
front_e6d644f6,F:\大三下学期\培养方案\保研\康国梁老师\语义分割\语义分割\训练数据\04_archive_joint_segformer\data_prepared\prepared_front\images\e6d644f6-CRH2_1-Side_Front_front.jpg,CRH2_1-Side_Front,front,pipeline_1080,prepared_front,e6d644f6
front_e71f95d0,F:\大三下学期\培养方案\保研\康国梁老师\语义分割\语义分割\训练数据\04_archive_joint_segformer\data_prepared\prepared_front\images\e71f95d0-KDZ1A_15_FrontSide_front.jpg,KDZ1A_15_FrontSide,front,pipeline_1080,prepared_front,e71f95d0
front_e8083083,F:\大三下学期\培养方案\保研\康国梁老师\语义分割\语义分割\训练数据\04_archive_joint_segformer\data_prepared\prepared_front\images\e8083083-CR400BF-J-0001-Side_Front_front.jpg,CR400BF-J-0001-Side_Front,front,pipeline_1080,prepared_front,e8083083
front_e843c1cc,F:\大三下学期\培养方案\保研\康国梁老师\语义分割\语义分割\训练数据\04_archive_joint_segformer\data_prepared\prepared_front\images\e843c1cc-CRH1E_2-Side_Front_front.jpg,CRH1E_2-Side_Front,front,pipeline_1080,prepared_front,e843c1cc
front_e8884abf,F:\大三下学期\培养方案\保研\康国梁老师\语义分割\语义分割\训练数据\04_archive_joint_segformer\data_prepared\prepared_front\images\e8884abf-CR200J-B_11_FrontSide_front.jpg,CR200J-B_11_FrontSide,front,pipeline_1080,prepared_front,e8884abf
front_e88cdf49,F:\大三下学期\培养方案\保研\康国梁老师\语义分割\语义分割\训练数据\04_archive_joint_segformer\data_prepared\prepared_front\images\e88cdf49-CRH3C-Side_Front_front.jpg,CRH3C-Side_Front,front,pipeline_1080,prepared_front,e88cdf49
front_e8c67e93,F:\大三下学期\培养方案\保研\康国梁老师\语义分割\语义分割\训练数据\04_archive_joint_segformer\data_prepared\prepared_front\images\e8c67e93-DDJ1_06_Front_Side_front.jpg,DDJ1_06_Front_Side,front,pipeline_1080,prepared_front,e8c67e93
front_e8cad973,F:\大三下学期\培养方案\保研\康国梁老师\语义分割\语义分割\训练数据\04_archive_joint_segformer\data_prepared\prepared_front\images\e8cad973-CRH5-001A-04-FrontSide_front.jpeg,CRH5-001A-04-FrontSide,front,pipeline_1080,prepared_front,e8cad973
front_ea59aeb2,F:\大三下学期\培养方案\保研\康国梁老师\语义分割\语义分割\训练数据\04_archive_joint_segformer\data_prepared\prepared_front\images\ea59aeb2-KDZ1A_06_FrontSide_front.jpg,KDZ1A_06_FrontSide,front,pipeline_1080,prepared_front,ea59aeb2
front_eac0687f,F:\大三下学期\培养方案\保研\康国梁老师\语义分割\语义分割\训练数据\04_archive_joint_segformer\data_prepared\prepared_front\images\eac0687f-CR200J1-04-FrontSide_front.jpeg,CR200J1-04-FrontSide,front,pipeline_1080,prepared_front,eac0687f
front_eae1659d,F:\大三下学期\培养方案\保研\康国梁老师\语义分割\语义分割\训练数据\04_archive_joint_segformer\data_prepared\prepared_front\images\eae1659d-NZJ_10_Frontside_front.jpg,NZJ_10_Frontside,front,pipeline_1080,prepared_front,eae1659d
front_eaf95006,F:\大三下学期\培养方案\保研\康国梁老师\语义分割\语义分割\训练数据\04_archive_joint_segformer\data_prepared\prepared_front\images\eaf95006-CR400BF_27_FrontSide_front.jpg,CR400BF_27_FrontSide,front,pipeline_1080,prepared_front,eaf95006
front_eb6a8b70,F:\大三下学期\培养方案\保研\康国梁老师\语义分割\语义分割\训练数据\04_archive_joint_segformer\data_prepared\prepared_front\images\eb6a8b70-CRH5-001A-09-FrontSide_front.jpeg,CRH5-001A-09-FrontSide,front,pipeline_1080,prepared_front,eb6a8b70
front_ec56eed2,F:\大三下学期\培养方案\保研\康国梁老师\语义分割\语义分割\训练数据\04_archive_joint_segformer\data_prepared\prepared_front\images\ec56eed2-CRH380G_05-Side_Front_front.jpg,CRH380G_05-Side_Front,front,pipeline_1080,prepared_front,ec56eed2
front_ec772f85,F:\大三下学期\培养方案\保研\康国梁老师\语义分割\语义分割\训练数据\04_archive_joint_segformer\data_prepared\prepared_front\images\ec772f85-CRH380BL_10-Side_Front_front.jpg,CRH380BL_10-Side_Front,front,pipeline_1080,prepared_front,ec772f85
front_eca2dd71,F:\大三下学期\培养方案\保研\康国梁老师\语义分割\语义分割\训练数据\04_archive_joint_segformer\data_prepared\prepared_front\images\eca2dd71-CR200J_D_09_FrontSide_front.jpg,CR200J_D_09_FrontSide,front,pipeline_1080,prepared_front,eca2dd71
front_ecc9f1d9,F:\大三下学期\培养方案\保研\康国梁老师\语义分割\语义分割\训练数据\04_archive_joint_segformer\data_prepared\prepared_front\images\ecc9f1d9-CRH6A-0618-Side_Front_front.jpg,CRH6A-0618-Side_Front,front,pipeline_1080,prepared_front,ecc9f1d9
front_ee4aed79,F:\大三下学期\培养方案\保研\康国梁老师\语义分割\语义分割\训练数据\04_archive_joint_segformer\data_prepared\prepared_front\images\ee4aed79-CR200J_D_02_FrontSide_front.jpg,CR200J_D_02_FrontSide,front,pipeline_1080,prepared_front,ee4aed79
front_ee9e4240,F:\大三下学期\培养方案\保研\康国梁老师\语义分割\语义分割\训练数据\04_archive_joint_segformer\data_prepared\prepared_front\images\ee9e4240-C400BF-K-0001-01-FrontSide.008_front.jpeg,C400BF-K-0001-01-FrontSide.008,front,pipeline_1080,prepared_front,ee9e4240
front_eefcba6e,F:\大三下学期\培养方案\保研\康国梁老师\语义分割\语义分割\训练数据\04_archive_joint_segformer\data_prepared\prepared_front\images\eefcba6e-CRH380B_03-Side_Front_front.jpg,CRH380B_03-Side_Front,front,pipeline_1080,prepared_front,eefcba6e
front_ef602686,F:\大三下学期\培养方案\保研\康国梁老师\语义分割\语义分割\训练数据\04_archive_joint_segformer\data_prepared\prepared_front\images\ef602686-DJF1_02_Front_Side_front.jpg,DJF1_02_Front_Side,front,pipeline_1080,prepared_front,ef602686
front_f01ac3db,F:\大三下学期\培养方案\保研\康国梁老师\语义分割\语义分割\训练数据\04_archive_joint_segformer\data_prepared\prepared_front\images\f01ac3db-CRH2B_2-Side_Front_front.jpg,CRH2B_2-Side_Front,front,pipeline_1080,prepared_front,f01ac3db
front_f02bdb68,F:\大三下学期\培养方案\保研\康国梁老师\语义分割\语义分割\训练数据\04_archive_joint_segformer\data_prepared\prepared_front\images\f02bdb68-CRH380CL-Side_Front_front.jpg,CRH380CL-Side_Front,front,pipeline_1080,prepared_front,f02bdb68
front_f1225368,F:\大三下学期\培养方案\保研\康国梁老师\语义分割\语义分割\训练数据\04_archive_joint_segformer\data_prepared\prepared_front\images\f1225368-CRH2B-Side_Front_front.jpg,CRH2B-Side_Front,front,pipeline_1080,prepared_front,f1225368
front_f16eb637,F:\大三下学期\培养方案\保研\康国梁老师\语义分割\语义分割\训练数据\04_archive_joint_segformer\data_prepared\prepared_front\images\f16eb637-CJ1_-_12_-FrontSide_front.jpg,CJ1_-_12_-FrontSide,front,pipeline_1080,prepared_front,f16eb637
front_f1e09495,F:\大三下学期\培养方案\保研\康国梁老师\语义分割\语义分割\训练数据\04_archive_joint_segformer\data_prepared\prepared_front\images\f1e09495-CRH380BL_06-Side_Front_front.jpg,CRH380BL_06-Side_Front,front,pipeline_1080,prepared_front,f1e09495
front_f25e2195,F:\大三下学期\培养方案\保研\康国梁老师\语义分割\语义分割\训练数据\04_archive_joint_segformer\data_prepared\prepared_front\images\f25e2195-CR200J-B_09_FrontSide_front.jpg,CR200J-B_09_FrontSide,front,pipeline_1080,prepared_front,f25e2195
front_f2740b72,F:\大三下学期\培养方案\保研\康国梁老师\语义分割\语义分割\训练数据\04_archive_joint_segformer\data_prepared\prepared_front\images\f2740b72-CRH380A_1-Side_Front_front.jpg,CRH380A_1-Side_Front,front,pipeline_1080,prepared_front,f2740b72
front_f2b7fbcd,F:\大三下学期\培养方案\保研\康国梁老师\语义分割\语义分割\训练数据\04_archive_joint_segformer\data_prepared\prepared_front\images\f2b7fbcd-CR200J-B_30_FrontSide_front.jpg,CR200J-B_30_FrontSide,front,pipeline_1080,prepared_front,f2b7fbcd
front_f2ef36a4,F:\大三下学期\培养方案\保研\康国梁老师\语义分割\语义分割\训练数据\04_archive_joint_segformer\data_prepared\prepared_front\images\f2ef36a4-CRH6F-A-0442-Side_Front_front.jpg,CRH6F-A-0442-Side_Front,front,pipeline_1080,prepared_front,f2ef36a4
front_f3330b3f,F:\大三下学期\培养方案\保研\康国梁老师\语义分割\语义分割\训练数据\04_archive_joint_segformer\data_prepared\prepared_front\images\f3330b3f-CRH2G_front_side.004_front.jpeg,CRH2G_front_side.004,front,pipeline_1080,prepared_front,f3330b3f
front_f358c7ee,F:\大三下学期\培养方案\保研\康国梁老师\语义分割\语义分割\训练数据\04_archive_joint_segformer\data_prepared\prepared_front\images\f358c7ee-CR200J3-Side_Front_front.jpg,CR200J3-Side_Front,front,pipeline_1080,prepared_front,f358c7ee
front_f38fad77,F:\大三下学期\培养方案\保研\康国梁老师\语义分割\语义分割\训练数据\04_archive_joint_segformer\data_prepared\prepared_front\images\f38fad77-CRH5E-Side_Front_front.jpg,CRH5E-Side_Front,front,pipeline_1080,prepared_front,f38fad77
front_f5640b9d,F:\大三下学期\培养方案\保研\康国梁老师\语义分割\语义分割\训练数据\04_archive_joint_segformer\data_prepared\prepared_front\images\f5640b9d-CJ5-0506-Side_Front_front.jpg,CJ5-0506-Side_Front,front,pipeline_1080,prepared_front,f5640b9d
front_f5dce704,F:\大三下学期\培养方案\保研\康国梁老师\语义分割\语义分割\训练数据\04_archive_joint_segformer\data_prepared\prepared_front\images\f5dce704-CRH380AJ_front_side.002_front.jpeg,CRH380AJ_front_side.002,front,pipeline_1080,prepared_front,f5dce704
front_f6448dc5,F:\大三下学期\培养方案\保研\康国梁老师\语义分割\语义分割\训练数据\04_archive_joint_segformer\data_prepared\prepared_front\images\f6448dc5-CRH380BL_09-Side_Front_front.jpg,CRH380BL_09-Side_Front,front,pipeline_1080,prepared_front,f6448dc5
front_f6b1dd73,F:\大三下学期\培养方案\保研\康国梁老师\语义分割\语义分割\训练数据\04_archive_joint_segformer\data_prepared\prepared_front\images\f6b1dd73-CRH1B_3-Side_Front_front.jpg,CRH1B_3-Side_Front,front,pipeline_1080,prepared_front,f6b1dd73
front_f6ec845a,F:\大三下学期\培养方案\保研\康国梁老师\语义分割\语义分割\训练数据\04_archive_joint_segformer\data_prepared\prepared_front\images\f6ec845a-CRH2J_front_side.008_front.jpeg,CRH2J_front_side.008,front,pipeline_1080,prepared_front,f6ec845a
front_f725a473,F:\大三下学期\培养方案\保研\康国梁老师\语义分割\语义分割\训练数据\04_archive_joint_segformer\data_prepared\prepared_front\images\f725a473-CR200J-B_04_FrontSide_front.jpg,CR200J-B_04_FrontSide,front,pipeline_1080,prepared_front,f725a473
front_f755fdf2,F:\大三下学期\培养方案\保研\康国梁老师\语义分割\语义分割\训练数据\04_archive_joint_segformer\data_prepared\prepared_front\images\f755fdf2-CRH2H_front_side.021_front.jpeg,CRH2H_front_side.021,front,pipeline_1080,prepared_front,f755fdf2
front_f7567cf2,F:\大三下学期\培养方案\保研\康国梁老师\语义分割\语义分割\训练数据\04_archive_joint_segformer\data_prepared\prepared_front\images\f7567cf2-CR200J-B_43_FrontSide_front.jpg,CR200J-B_43_FrontSide,front,pipeline_1080,prepared_front,f7567cf2
front_f7a58763,F:\大三下学期\培养方案\保研\康国梁老师\语义分割\语义分割\训练数据\04_archive_joint_segformer\data_prepared\prepared_front\images\f7a58763-CRH2C_front_side.003_front.jpeg,CRH2C_front_side.003,front,pipeline_1080,prepared_front,f7a58763
front_f7d989a9,F:\大三下学期\培养方案\保研\康国梁老师\语义分割\语义分割\训练数据\04_archive_joint_segformer\data_prepared\prepared_front\images\f7d989a9-CR400BF-0507-Side_Front_front.jpg,CR400BF-0507-Side_Front,front,pipeline_1080,prepared_front,f7d989a9
front_f818b30d,F:\大三下学期\培养方案\保研\康国梁老师\语义分割\语义分割\训练数据\04_archive_joint_segformer\data_prepared\prepared_front\images\f818b30d-CRH380AJ_front_side.020_front.jpeg,CRH380AJ_front_side.020,front,pipeline_1080,prepared_front,f818b30d
front_f846c3cf,F:\大三下学期\培养方案\保研\康国梁老师\语义分割\语义分割\训练数据\04_archive_joint_segformer\data_prepared\prepared_front\images\f846c3cf-CR200J-B_23_FrontSide_front.jpg,CR200J-B_23_FrontSide,front,pipeline_1080,prepared_front,f846c3cf
front_f89dcc52,F:\大三下学期\培养方案\保研\康国梁老师\语义分割\语义分割\训练数据\04_archive_joint_segformer\data_prepared\prepared_front\images\f89dcc52-CR450AF_17_FrontSide_front.jpg,CR450AF_17_FrontSide,front,pipeline_1080,prepared_front,f89dcc52
front_f90b1dd0,F:\大三下学期\培养方案\保研\康国梁老师\语义分割\语义分割\训练数据\04_archive_joint_segformer\data_prepared\prepared_front\images\f90b1dd0-C400BF-K-0001-01-FrontSide.001_front.jpeg,C400BF-K-0001-01-FrontSide.001,front,pipeline_1080,prepared_front,f90b1dd0
front_f970f14d,F:\大三下学期\培养方案\保研\康国梁老师\语义分割\语义分割\训练数据\04_archive_joint_segformer\data_prepared\prepared_front\images\f970f14d-CR450AF_29_FrontSide_front.jpg,CR450AF_29_FrontSide,front,pipeline_1080,prepared_front,f970f14d
front_f97c2b6e,F:\大三下学期\培养方案\保研\康国梁老师\语义分割\语义分割\训练数据\04_archive_joint_segformer\data_prepared\prepared_front\images\f97c2b6e-CRH380G_09-Side_Front_front.jpg,CRH380G_09-Side_Front,front,pipeline_1080,prepared_front,f97c2b6e
front_f9d43a75,F:\大三下学期\培养方案\保研\康国梁老师\语义分割\语义分割\训练数据\04_archive_joint_segformer\data_prepared\prepared_front\images\f9d43a75-CR400BF-J-0003-06-FrontSide_front.jpeg,CR400BF-J-0003-06-FrontSide,front,pipeline_1080,prepared_front,f9d43a75
front_f9f2436e,F:\大三下学期\培养方案\保研\康国梁老师\语义分割\语义分割\训练数据\04_archive_joint_segformer\data_prepared\prepared_front\images\f9f2436e-KDZ1A-Side_Front_front.jpg,KDZ1A-Side_Front,front,pipeline_1080,prepared_front,f9f2436e
front_fb32fca6,F:\大三下学期\培养方案\保研\康国梁老师\语义分割\语义分割\训练数据\04_archive_joint_segformer\data_prepared\prepared_front\images\fb32fca6-CR200J-Side_Front_front.jpg,CR200J-Side_Front,front,pipeline_1080,prepared_front,fb32fca6
front_fb48707a,F:\大三下学期\培养方案\保研\康国梁老师\语义分割\语义分割\训练数据\04_archive_joint_segformer\data_prepared\prepared_front\images\fb48707a-CJ5_-_0505_-_06_-_FrontSide_front.jpg,CJ5_-_0505_-_06_-_FrontSide,front,pipeline_1080,prepared_front,fb48707a
front_fb7ac7ca,F:\大三下学期\培养方案\保研\康国梁老师\语义分割\语义分割\训练数据\04_archive_joint_segformer\data_prepared\prepared_front\images\fb7ac7ca-C400BF-K-0001-01-FrontSide.003_front.jpeg,C400BF-K-0001-01-FrontSide.003,front,pipeline_1080,prepared_front,fb7ac7ca
front_fbbd87b0,F:\大三下学期\培养方案\保研\康国梁老师\语义分割\语义分割\训练数据\04_archive_joint_segformer\data_prepared\prepared_front\images\fbbd87b0-CRH6A_06_FrontSide_front.jpg,CRH6A_06_FrontSide,front,pipeline_1080,prepared_front,fbbd87b0
front_fbef5b94,F:\大三下学期\培养方案\保研\康国梁老师\语义分割\语义分割\训练数据\04_archive_joint_segformer\data_prepared\prepared_front\images\fbef5b94-CR200J-B_10_FrontSide_front.jpg,CR200J-B_10_FrontSide,front,pipeline_1080,prepared_front,fbef5b94
front_fbfd9c89,F:\大三下学期\培养方案\保研\康国梁老师\语义分割\语义分割\训练数据\04_archive_joint_segformer\data_prepared\prepared_front\images\fbfd9c89-CRH1E_NEW_7-Side_Front_front.jpg,CRH1E_NEW_7-Side_Front,front,pipeline_1080,prepared_front,fbfd9c89
front_fc04f4f4,F:\大三下学期\培养方案\保研\康国梁老师\语义分割\语义分割\训练数据\04_archive_joint_segformer\data_prepared\prepared_front\images\fc04f4f4-CJ2_-_08_-_FrontSide_front.png,CJ2_-_08_-_FrontSide,front,pipeline_1080,prepared_front,fc04f4f4
front_fc28c831,F:\大三下学期\培养方案\保研\康国梁老师\语义分割\语义分割\训练数据\04_archive_joint_segformer\data_prepared\prepared_front\images\fc28c831-CRH3A_06-Side_Front_front.jpg,CRH3A_06-Side_Front,front,pipeline_1080,prepared_front,fc28c831
front_fc4ce755,F:\大三下学期\培养方案\保研\康国梁老师\语义分割\语义分割\训练数据\04_archive_joint_segformer\data_prepared\prepared_front\images\fc4ce755-CRH0307-0001-03-FrontSide_front.jpeg,CRH0307-0001-03-FrontSide,front,pipeline_1080,prepared_front,fc4ce755
front_fc614ac2,F:\大三下学期\培养方案\保研\康国梁老师\语义分割\语义分割\训练数据\04_archive_joint_segformer\data_prepared\prepared_front\images\fc614ac2-CRH380BG-Side_Front_front.jpg,CRH380BG-Side_Front,front,pipeline_1080,prepared_front,fc614ac2
front_fccd4809,F:\大三下学期\培养方案\保研\康国梁老师\语义分割\语义分割\训练数据\04_archive_joint_segformer\data_prepared\prepared_front\images\fccd4809-CR400BF_6-Side_Front_front.jpg,CR400BF_6-Side_Front,front,pipeline_1080,prepared_front,fccd4809
front_fcec73b9,F:\大三下学期\培养方案\保研\康国梁老师\语义分割\语义分割\训练数据\04_archive_joint_segformer\data_prepared\prepared_front\images\fcec73b9-CR300AF-0001-Side_Front_front.jpg,CR300AF-0001-Side_Front,front,pipeline_1080,prepared_front,fcec73b9
front_fd1ca7c1,F:\大三下学期\培养方案\保研\康国梁老师\语义分割\语义分割\训练数据\04_archive_joint_segformer\data_prepared\prepared_front\images\fd1ca7c1-CRH5-001A-06-FrontSide_front.jpeg,CRH5-001A-06-FrontSide,front,pipeline_1080,prepared_front,fd1ca7c1
front_fd6666fb,F:\大三下学期\培养方案\保研\康国梁老师\语义分割\语义分割\训练数据\04_archive_joint_segformer\data_prepared\prepared_front\images\fd6666fb-CRH380CL_02-Side_Front_front.jpg,CRH380CL_02-Side_Front,front,pipeline_1080,prepared_front,fd6666fb
front_fdeddb7c,F:\大三下学期\培养方案\保研\康国梁老师\语义分割\语义分割\训练数据\04_archive_joint_segformer\data_prepared\prepared_front\images\fdeddb7c-CR450AF_05_FrontSide_front.jpg,CR450AF_05_FrontSide,front,pipeline_1080,prepared_front,fdeddb7c
front_fdf7f50f,F:\大三下学期\培养方案\保研\康国梁老师\语义分割\语义分割\训练数据\04_archive_joint_segformer\data_prepared\prepared_front\images\fdf7f50f-CRH380A0-Side_Front_front.jpg,CRH380A0-Side_Front,front,pipeline_1080,prepared_front,fdf7f50f
front_fea8ad4a,F:\大三下学期\培养方案\保研\康国梁老师\语义分割\语义分割\训练数据\04_archive_joint_segformer\data_prepared\prepared_front\images\fea8ad4a-CR300AF-0003_-_04_-_FrontSide_front.jpg,CR300AF-0003_-_04_-_FrontSide,front,pipeline_1080,prepared_front,fea8ad4a
front_ff8a8023,F:\大三下学期\培养方案\保研\康国梁老师\语义分割\语义分割\训练数据\04_archive_joint_segformer\data_prepared\prepared_front\images\ff8a8023-CRH2C_front_side.010_front.jpeg,CRH2C_front_side.010,front,pipeline_1080,prepared_front,ff8a8023
front_ff9e9bf2,F:\大三下学期\培养方案\保研\康国梁老师\语义分割\语义分割\训练数据\04_archive_joint_segformer\data_prepared\prepared_front\images\ff9e9bf2-C300BF-K-0001-Side_Front_front.jpg,C300BF-K-0001-Side_Front,front,pipeline_1080,prepared_front,ff9e9bf2
front_ff9ec71b,F:\大三下学期\培养方案\保研\康国梁老师\语义分割\语义分割\训练数据\04_archive_joint_segformer\data_prepared\prepared_front\images\ff9ec71b-CR400BF-Z-0524-Side_Front_front.jpg,CR400BF-Z-0524-Side_Front,front,pipeline_1080,prepared_front,ff9ec71b
side_c0210454,F:\大三下学期\培养方案\保研\康国梁老师\语义分割\语义分割\训练数据\04_archive_joint_segformer\data_prepared\prepared_side\images\c0210454-CJ1_-_06_-FrontSide_side.jpg,CJ1_-_06_-FrontSide,side,pipeline_1080,prepared_side,c0210454
side_c0595a09,F:\大三下学期\培养方案\保研\康国梁老师\语义分割\语义分割\训练数据\04_archive_joint_segformer\data_prepared\prepared_side\images\c0595a09-C300BF-K-0001-05-FrontSide_side.jpeg,C300BF-K-0001-05-FrontSide,side,pipeline_1080,prepared_side,c0595a09
side_c06956a5,F:\大三下学期\培养方案\保研\康国梁老师\语义分割\语义分割\训练数据\04_archive_joint_segformer\data_prepared\prepared_side\images\c06956a5-NYJ1-7001A-Side_Front_side.jpg,NYJ1-7001A-Side_Front,side,pipeline_1080,prepared_side,c06956a5
side_c114f990,F:\大三下学期\培养方案\保研\康国梁老师\语义分割\语义分割\训练数据\04_archive_joint_segformer\data_prepared\prepared_side\images\c114f990-CRH2_2-Side_Front_side.jpg,CRH2_2-Side_Front,side,pipeline_1080,prepared_side,c114f990
side_c13e8906,F:\大三下学期\培养方案\保研\康国梁老师\语义分割\语义分割\训练数据\04_archive_joint_segformer\data_prepared\prepared_side\images\c13e8906-DJF1_10_Front_Side_side.jpg,DJF1_10_Front_Side,side,pipeline_1080,prepared_side,c13e8906
side_c160cbda,F:\大三下学期\培养方案\保研\康国梁老师\语义分割\语义分割\训练数据\04_archive_joint_segformer\data_prepared\prepared_side\images\c160cbda-KDZ1_05_FrontSide_side.jpg,KDZ1_05_FrontSide,side,pipeline_1080,prepared_side,c160cbda
side_c200e5c1,F:\大三下学期\培养方案\保研\康国梁老师\语义分割\语义分割\训练数据\04_archive_joint_segformer\data_prepared\prepared_side\images\c200e5c1-CRH3C-08-FrontSide_side.jpeg,CRH3C-08-FrontSide,side,pipeline_1080,prepared_side,c200e5c1
side_c243126c,F:\大三下学期\培养方案\保研\康国梁老师\语义分割\语义分割\训练数据\04_archive_joint_segformer\data_prepared\prepared_side\images\c243126c-CRH2E_front_side.008_side.jpeg,CRH2E_front_side.008,side,pipeline_1080,prepared_side,c243126c
side_c281fd76,F:\大三下学期\培养方案\保研\康国梁老师\语义分割\语义分割\训练数据\04_archive_joint_segformer\data_prepared\prepared_side\images\c281fd76-CR200J2-JT001-Side_Front_side.jpg,CR200J2-JT001-Side_Front,side,pipeline_1080,prepared_side,c281fd76
side_c376fc3a,F:\大三下学期\培养方案\保研\康国梁老师\语义分割\语义分割\训练数据\04_archive_joint_segformer\data_prepared\prepared_side\images\c376fc3a-CRH6A_01_FrontSide_side.jpg,CRH6A_01_FrontSide,side,pipeline_1080,prepared_side,c376fc3a
side_c41e5b42,F:\大三下学期\培养方案\保研\康国梁老师\语义分割\语义分割\训练数据\04_archive_joint_segformer\data_prepared\prepared_side\images\c41e5b42-CR200J-B_17_FrontSide_side.jpg,CR200J-B_17_FrontSide,side,pipeline_1080,prepared_side,c41e5b42
side_c4785362,F:\大三下学期\培养方案\保研\康国梁老师\语义分割\语义分割\训练数据\04_archive_joint_segformer\data_prepared\prepared_side\images\c4785362-CJ1-Side_Front_side.jpg,CJ1-Side_Front,side,pipeline_1080,prepared_side,c4785362
side_c5d4f45e,F:\大三下学期\培养方案\保研\康国梁老师\语义分割\语义分割\训练数据\04_archive_joint_segformer\data_prepared\prepared_side\images\c5d4f45e-CRH400AF-A-01-FrontSide_side.jpeg,CRH400AF-A-01-FrontSide,side,pipeline_1080,prepared_side,c5d4f45e
side_c6297dfc,F:\大三下学期\培养方案\保研\康国梁老师\语义分割\语义分割\训练数据\04_archive_joint_segformer\data_prepared\prepared_side\images\c6297dfc-CRH380D_04-Side_Front_side.jpg,CRH380D_04-Side_Front,side,pipeline_1080,prepared_side,c6297dfc
side_c6369d2c,F:\大三下学期\培养方案\保研\康国梁老师\语义分割\语义分割\训练数据\04_archive_joint_segformer\data_prepared\prepared_side\images\c6369d2c-CRH6F-A-0447-Side_Front_side.jpg,CRH6F-A-0447-Side_Front,side,pipeline_1080,prepared_side,c6369d2c
side_c68fddff,F:\大三下学期\培养方案\保研\康国梁老师\语义分割\语义分割\训练数据\04_archive_joint_segformer\data_prepared\prepared_side\images\c68fddff-CR200J2-JT001_08_FrontSide_2_side.jpg,CR200J2-JT001_08_FrontSide_2,side,pipeline_1080,prepared_side,c68fddff
side_c6a2a9f2,F:\大三下学期\培养方案\保研\康国梁老师\语义分割\语义分割\训练数据\04_archive_joint_segformer\data_prepared\prepared_side\images\c6a2a9f2-CR200J-B_06_FrontSide_side.jpg,CR200J-B_06_FrontSide,side,pipeline_1080,prepared_side,c6a2a9f2
side_c6b5a504,F:\大三下学期\培养方案\保研\康国梁老师\语义分割\语义分割\训练数据\04_archive_joint_segformer\data_prepared\prepared_side\images\c6b5a504-CRH2A_8-Side_Front_side.jpg,CRH2A_8-Side_Front,side,pipeline_1080,prepared_side,c6b5a504
side_c7401f30,F:\大三下学期\培养方案\保研\康国梁老师\语义分割\语义分割\训练数据\04_archive_joint_segformer\data_prepared\prepared_side\images\c7401f30-C400BF-K-0001-Side_Front_side.jpg,C400BF-K-0001-Side_Front,side,pipeline_1080,prepared_side,c7401f30
side_c7488cdc,F:\大三下学期\培养方案\保研\康国梁老师\语义分割\语义分割\训练数据\04_archive_joint_segformer\data_prepared\prepared_side\images\c7488cdc-CRH3A-Side_Front_side.jpg,CRH3A-Side_Front,side,pipeline_1080,prepared_side,c7488cdc
side_c74e3aab,F:\大三下学期\培养方案\保研\康国梁老师\语义分割\语义分割\训练数据\04_archive_joint_segformer\data_prepared\prepared_side\images\c74e3aab-CR450AF_07_FrontSide_side.jpg,CR450AF_07_FrontSide,side,pipeline_1080,prepared_side,c74e3aab
side_c8b1a412,F:\大三下学期\培养方案\保研\康国梁老师\语义分割\语义分割\训练数据\04_archive_joint_segformer\data_prepared\prepared_side\images\c8b1a412-CR400BF_26_FrontSide_side.jpg,CR400BF_26_FrontSide,side,pipeline_1080,prepared_side,c8b1a412
side_c9b4ea66,F:\大三下学期\培养方案\保研\康国梁老师\语义分割\语义分割\训练数据\04_archive_joint_segformer\data_prepared\prepared_side\images\c9b4ea66-CRH2J_front_side.009_side.jpeg,CRH2J_front_side.009,side,pipeline_1080,prepared_side,c9b4ea66
side_c9c00fa3,F:\大三下学期\培养方案\保研\康国梁老师\语义分割\语义分割\训练数据\04_archive_joint_segformer\data_prepared\prepared_side\images\c9c00fa3-CR400BF-A-Side_Front_side.jpg,CR400BF-A-Side_Front,side,pipeline_1080,prepared_side,c9c00fa3
side_caf4bb10,F:\大三下学期\培养方案\保研\康国梁老师\语义分割\语义分割\训练数据\04_archive_joint_segformer\data_prepared\prepared_side\images\caf4bb10-CRH0307-0001-04-FrontSide_side.jpeg,CRH0307-0001-04-FrontSide,side,pipeline_1080,prepared_side,caf4bb10
side_cafe0864,F:\大三下学期\培养方案\保研\康国梁老师\语义分割\语义分割\训练数据\04_archive_joint_segformer\data_prepared\prepared_side\images\cafe0864-CRH380AJ-0201-Side_Front_side.jpg,CRH380AJ-0201-Side_Front,side,pipeline_1080,prepared_side,cafe0864
side_cb071342,F:\大三下学期\培养方案\保研\康国梁老师\语义分割\语义分割\训练数据\04_archive_joint_segformer\data_prepared\prepared_side\images\cb071342-CRH380CL_05-Side_Front_side.jpg,CRH380CL_05-Side_Front,side,pipeline_1080,prepared_side,cb071342
side_cbb298cd,F:\大三下学期\培养方案\保研\康国梁老师\语义分割\语义分割\训练数据\04_archive_joint_segformer\data_prepared\prepared_side\images\cbb298cd-DDJ2_09_Front_Side_side.jpg,DDJ2_09_Front_Side,side,pipeline_1080,prepared_side,cbb298cd
side_cdba4ea9,F:\大三下学期\培养方案\保研\康国梁老师\语义分割\语义分割\训练数据\04_archive_joint_segformer\data_prepared\prepared_side\images\cdba4ea9-CR450AF_11_FrontSide_side.jpg,CR450AF_11_FrontSide,side,pipeline_1080,prepared_side,cdba4ea9
side_ce572f2e,F:\大三下学期\培养方案\保研\康国梁老师\语义分割\语义分割\训练数据\04_archive_joint_segformer\data_prepared\prepared_side\images\ce572f2e-CR400BF_06_FrontSide_side.jpg,CR400BF_06_FrontSide,side,pipeline_1080,prepared_side,ce572f2e
side_ce7eae8d,F:\大三下学期\培养方案\保研\康国梁老师\语义分割\语义分割\训练数据\04_archive_joint_segformer\data_prepared\prepared_side\images\ce7eae8d-CRH380AJ_front_side.015_side.jpeg,CRH380AJ_front_side.015,side,pipeline_1080,prepared_side,ce7eae8d
side_ced3a81c,F:\大三下学期\培养方案\保研\康国梁老师\语义分割\语义分割\训练数据\04_archive_joint_segformer\data_prepared\prepared_side\images\ced3a81c-CRH2G_front_side.005_side.jpeg,CRH2G_front_side.005,side,pipeline_1080,prepared_side,ced3a81c
side_cf0b141b,F:\大三下学期\培养方案\保研\康国梁老师\语义分割\语义分割\训练数据\04_archive_joint_segformer\data_prepared\prepared_side\images\cf0b141b-CR300AF-0003_-_05_-_FrontSide_side.jpg,CR300AF-0003_-_05_-_FrontSide,side,pipeline_1080,prepared_side,cf0b141b
side_cf568667,F:\大三下学期\培养方案\保研\康国梁老师\语义分割\语义分割\训练数据\04_archive_joint_segformer\data_prepared\prepared_side\images\cf568667-CRH380AM_front_side.009_side.jpeg,CRH380AM_front_side.009,side,pipeline_1080,prepared_side,cf568667
side_cf68234d,F:\大三下学期\培养方案\保研\康国梁老师\语义分割\语义分割\训练数据\04_archive_joint_segformer\data_prepared\prepared_side\images\cf68234d-CR450AF_32_FrontSide_side.jpg,CR450AF_32_FrontSide,side,pipeline_1080,prepared_side,cf68234d
side_cf6a0fcc,F:\大三下学期\培养方案\保研\康国梁老师\语义分割\语义分割\训练数据\04_archive_joint_segformer\data_prepared\prepared_side\images\cf6a0fcc-CJ6_-_02_-_FrontSide_side.jpg,CJ6_-_02_-_FrontSide,side,pipeline_1080,prepared_side,cf6a0fcc
side_cfe15c12,F:\大三下学期\培养方案\保研\康国梁老师\语义分割\语义分割\训练数据\04_archive_joint_segformer\data_prepared\prepared_side\images\cfe15c12-DDJ1_09_Front_Side_side.jpg,DDJ1_09_Front_Side,side,pipeline_1080,prepared_side,cfe15c12
side_cffc54b0,F:\大三下学期\培养方案\保研\康国梁老师\语义分割\语义分割\训练数据\04_archive_joint_segformer\data_prepared\prepared_side\images\cffc54b0-CRH380CL_07-Side_Front_side.jpg,CRH380CL_07-Side_Front,side,pipeline_1080,prepared_side,cffc54b0
side_d092a361,F:\大三下学期\培养方案\保研\康国梁老师\语义分割\语义分割\训练数据\04_archive_joint_segformer\data_prepared\prepared_side\images\d092a361-CR450AF_22_FrontSide_side.jpg,CR450AF_22_FrontSide,side,pipeline_1080,prepared_side,d092a361
side_d12dc6b3,F:\大三下学期\培养方案\保研\康国梁老师\语义分割\语义分割\训练数据\04_archive_joint_segformer\data_prepared\prepared_side\images\d12dc6b3-CR200J2-JT001_02_Frontside_2_side.jpg,CR200J2-JT001_02_Frontside_2,side,pipeline_1080,prepared_side,d12dc6b3
side_d1768f23,F:\大三下学期\培养方案\保研\康国梁老师\语义分割\语义分割\训练数据\04_archive_joint_segformer\data_prepared\prepared_side\images\d1768f23-CR450AF_18_FrontSide_side.jpg,CR450AF_18_FrontSide,side,pipeline_1080,prepared_side,d1768f23
side_d17f132f,F:\大三下学期\培养方案\保研\康国梁老师\语义分割\语义分割\训练数据\04_archive_joint_segformer\data_prepared\prepared_side\images\d17f132f-DJF1_09_Front_Side_side.jpg,DJF1_09_Front_Side,side,pipeline_1080,prepared_side,d17f132f
side_d1f80c59,F:\大三下学期\培养方案\保研\康国梁老师\语义分割\语义分割\训练数据\04_archive_joint_segformer\data_prepared\prepared_side\images\d1f80c59-DJF1_08_Front_Side_side.jpg,DJF1_08_Front_Side,side,pipeline_1080,prepared_side,d1f80c59
side_d25405c9,F:\大三下学期\培养方案\保研\康国梁老师\语义分割\语义分割\训练数据\04_archive_joint_segformer\data_prepared\prepared_side\images\d25405c9-CRH2_4-Side_Front_side.jpg,CRH2_4-Side_Front,side,pipeline_1080,prepared_side,d25405c9
side_d2af429c,F:\大三下学期\培养方案\保研\康国梁老师\语义分割\语义分割\训练数据\04_archive_joint_segformer\data_prepared\prepared_side\images\d2af429c-CRH2E_front_side.005_side.jpeg,CRH2E_front_side.005,side,pipeline_1080,prepared_side,d2af429c
side_d2d08a68,F:\大三下学期\培养方案\保研\康国梁老师\语义分割\语义分割\训练数据\04_archive_joint_segformer\data_prepared\prepared_side\images\d2d08a68-CR200J-B_34_FrontSide_side.jpg,CR200J-B_34_FrontSide,side,pipeline_1080,prepared_side,d2d08a68
side_d340918f,F:\大三下学期\培养方案\保研\康国梁老师\语义分割\语义分割\训练数据\04_archive_joint_segformer\data_prepared\prepared_side\images\d340918f-CR400BF-J-0003-07-FrontSide_side.jpeg,CR400BF-J-0003-07-FrontSide,side,pipeline_1080,prepared_side,d340918f
side_d3538806,F:\大三下学期\培养方案\保研\康国梁老师\语义分割\语义分割\训练数据\04_archive_joint_segformer\data_prepared\prepared_side\images\d3538806-CRH380G_04-Side_Front_side.jpg,CRH380G_04-Side_Front,side,pipeline_1080,prepared_side,d3538806
side_d37ef0a7,F:\大三下学期\培养方案\保研\康国梁老师\语义分割\语义分割\训练数据\04_archive_joint_segformer\data_prepared\prepared_side\images\d37ef0a7-CRH2C_front_side.009_side.jpeg,CRH2C_front_side.009,side,pipeline_1080,prepared_side,d37ef0a7
side_d380500e,F:\大三下学期\培养方案\保研\康国梁老师\语义分割\语义分割\训练数据\04_archive_joint_segformer\data_prepared\prepared_side\images\d380500e-CRH1E_5-Side_Front_side.jpg,CRH1E_5-Side_Front,side,pipeline_1080,prepared_side,d380500e
side_d389d69f,F:\大三下学期\培养方案\保研\康国梁老师\语义分割\语义分割\训练数据\04_archive_joint_segformer\data_prepared\prepared_side\images\d389d69f-CRH3A_02-Side_Front_side.jpg,CRH3A_02-Side_Front,side,pipeline_1080,prepared_side,d389d69f
side_d41f3360,F:\大三下学期\培养方案\保研\康国梁老师\语义分割\语义分割\训练数据\04_archive_joint_segformer\data_prepared\prepared_side\images\d41f3360-KDZ1A_22_FrontSide_side.jpg,KDZ1A_22_FrontSide,side,pipeline_1080,prepared_side,d41f3360
side_d4b9a05a,F:\大三下学期\培养方案\保研\康国梁老师\语义分割\语义分割\训练数据\04_archive_joint_segformer\data_prepared\prepared_side\images\d4b9a05a-CRH380AJ_front_side.003_side.jpeg,CRH380AJ_front_side.003,side,pipeline_1080,prepared_side,d4b9a05a
side_d4e82840,F:\大三下学期\培养方案\保研\康国梁老师\语义分割\语义分割\训练数据\04_archive_joint_segformer\data_prepared\prepared_side\images\d4e82840-NDJ3_-_02_-_FrontSide_side.jpg,NDJ3_-_02_-_FrontSide,side,pipeline_1080,prepared_side,d4e82840
side_d51c7508,F:\大三下学期\培养方案\保研\康国梁老师\语义分割\语义分割\训练数据\04_archive_joint_segformer\data_prepared\prepared_side\images\d51c7508-CRH1B_88-Side_Front_side.jpg,CRH1B_88-Side_Front,side,pipeline_1080,prepared_side,d51c7508
side_d5887d1d,F:\大三下学期\培养方案\保研\康国梁老师\语义分割\语义分割\训练数据\04_archive_joint_segformer\data_prepared\prepared_side\images\d5887d1d-CRH380AL_front_side.008_side.jpeg,CRH380AL_front_side.008,side,pipeline_1080,prepared_side,d5887d1d
side_d6156031,F:\大三下学期\培养方案\保研\康国梁老师\语义分割\语义分割\训练数据\04_archive_joint_segformer\data_prepared\prepared_side\images\d6156031-DDJ1_04_Front_Side_side.jpg,DDJ1_04_Front_Side,side,pipeline_1080,prepared_side,d6156031
side_d6ac0554,F:\大三下学期\培养方案\保研\康国梁老师\语义分割\语义分割\训练数据\04_archive_joint_segformer\data_prepared\prepared_side\images\d6ac0554-CRH380AM_front_side.002_side.jpeg,CRH380AM_front_side.002,side,pipeline_1080,prepared_side,d6ac0554
side_d708f4ac,F:\大三下学期\培养方案\保研\康国梁老师\语义分割\语义分割\训练数据\04_archive_joint_segformer\data_prepared\prepared_side\images\d708f4ac-C400BF-K-0001-01-FrontSide.002_side.jpeg,C400BF-K-0001-01-FrontSide.002,side,pipeline_1080,prepared_side,d708f4ac
side_d73c3e3b,F:\大三下学期\培养方案\保研\康国梁老师\语义分割\语义分割\训练数据\04_archive_joint_segformer\data_prepared\prepared_side\images\d73c3e3b-CR400BF_18_FrontSide_side.jpg,CR400BF_18_FrontSide,side,pipeline_1080,prepared_side,d73c3e3b
side_d7cd1123,F:\大三下学期\培养方案\保研\康国梁老师\语义分割\语义分割\训练数据\04_archive_joint_segformer\data_prepared\prepared_side\images\d7cd1123-CR200J_D_11_FrontSide_side.jpg,CR200J_D_11_FrontSide,side,pipeline_1080,prepared_side,d7cd1123
side_d855c79a,F:\大三下学期\培养方案\保研\康国梁老师\语义分割\语义分割\训练数据\04_archive_joint_segformer\data_prepared\prepared_side\images\d855c79a-CRH2_9-Side_Front_side.jpg,CRH2_9-Side_Front,side,pipeline_1080,prepared_side,d855c79a
side_d8a622af,F:\大三下学期\培养方案\保研\康国梁老师\语义分割\语义分割\训练数据\04_archive_joint_segformer\data_prepared\prepared_side\images\d8a622af-CR200J-B_25_FrontSide_side.jpg,CR200J-B_25_FrontSide,side,pipeline_1080,prepared_side,d8a622af
side_d9297654,F:\大三下学期\培养方案\保研\康国梁老师\语义分割\语义分割\训练数据\04_archive_joint_segformer\data_prepared\prepared_side\images\d9297654-C400BF-K-0001-01-FrontSide.009_side.jpeg,C400BF-K-0001-01-FrontSide.009,side,pipeline_1080,prepared_side,d9297654
side_d94dc343,F:\大三下学期\培养方案\保研\康国梁老师\语义分割\语义分割\训练数据\04_archive_joint_segformer\data_prepared\prepared_side\images\d94dc343-CRH380B0_01-Side_Front_side.jpg,CRH380B0_01-Side_Front,side,pipeline_1080,prepared_side,d94dc343
side_d9d1590d,F:\大三下学期\培养方案\保研\康国梁老师\语义分割\语义分割\训练数据\04_archive_joint_segformer\data_prepared\prepared_side\images\d9d1590d-CJ2-Side_Front_side.jpg,CJ2-Side_Front,side,pipeline_1080,prepared_side,d9d1590d
side_d9e6fa37,F:\大三下学期\培养方案\保研\康国梁老师\语义分割\语义分割\训练数据\04_archive_joint_segformer\data_prepared\prepared_side\images\d9e6fa37-CR200J_D_10_FrontSide_side.jpg,CR200J_D_10_FrontSide,side,pipeline_1080,prepared_side,d9e6fa37
side_da649cfc,F:\大三下学期\培养方案\保研\康国梁老师\语义分割\语义分割\训练数据\04_archive_joint_segformer\data_prepared\prepared_side\images\da649cfc-CRH380AM_front_side.007_side.jpeg,CRH380AM_front_side.007,side,pipeline_1080,prepared_side,da649cfc
side_daa63f82,F:\大三下学期\培养方案\保研\康国梁老师\语义分割\语义分割\训练数据\04_archive_joint_segformer\data_prepared\prepared_side\images\daa63f82-CJ5_-_0505_-_07_-_FrontSide_side.jpg,CJ5_-_0505_-_07_-_FrontSide,side,pipeline_1080,prepared_side,daa63f82
side_daeb6e43,F:\大三下学期\培养方案\保研\康国梁老师\语义分割\语义分割\训练数据\04_archive_joint_segformer\data_prepared\prepared_side\images\daeb6e43-CRH2G_front_side.006_side.jpeg,CRH2G_front_side.006,side,pipeline_1080,prepared_side,daeb6e43
side_db046c62,F:\大三下学期\培养方案\保研\康国梁老师\语义分割\语义分割\训练数据\04_archive_joint_segformer\data_prepared\prepared_side\images\db046c62-CRH3A_10-Side_Front_side.jpg,CRH3A_10-Side_Front,side,pipeline_1080,prepared_side,db046c62
side_db8478ea,F:\大三下学期\培养方案\保研\康国梁老师\语义分割\语义分割\训练数据\04_archive_joint_segformer\data_prepared\prepared_side\images\db8478ea-CR400AF-C-0209-Side_Front_side.jpg,CR400AF-C-0209-Side_Front,side,pipeline_1080,prepared_side,db8478ea
side_dbefa1d4,F:\大三下学期\培养方案\保研\康国梁老师\语义分割\语义分割\训练数据\04_archive_joint_segformer\data_prepared\prepared_side\images\dbefa1d4-CRH380AL_front_side.010_side.jpeg,CRH380AL_front_side.010,side,pipeline_1080,prepared_side,dbefa1d4
side_dbf18bef,F:\大三下学期\培养方案\保研\康国梁老师\语义分割\语义分割\训练数据\04_archive_joint_segformer\data_prepared\prepared_side\images\dbf18bef-CRH380AL-0256-Side_Front_side.jpg,CRH380AL-0256-Side_Front,side,pipeline_1080,prepared_side,dbf18bef
side_dc06f078,F:\大三下学期\培养方案\保研\康国梁老师\语义分割\语义分割\训练数据\04_archive_joint_segformer\data_prepared\prepared_side\images\dc06f078-CR200J-B_24_FrontSide_side.jpg,CR200J-B_24_FrontSide,side,pipeline_1080,prepared_side,dc06f078
side_de00156d,F:\大三下学期\培养方案\保研\康国梁老师\语义分割\语义分割\训练数据\04_archive_joint_segformer\data_prepared\prepared_side\images\de00156d-CR450AF_23_FrontSide_side.jpg,CR450AF_23_FrontSide,side,pipeline_1080,prepared_side,de00156d
side_de6ce488,F:\大三下学期\培养方案\保研\康国梁老师\语义分割\语义分割\训练数据\04_archive_joint_segformer\data_prepared\prepared_side\images\de6ce488-CRH380G_10-Side_Front_side.jpg,CRH380G_10-Side_Front,side,pipeline_1080,prepared_side,de6ce488
side_de7a6d93,F:\大三下学期\培养方案\保研\康国梁老师\语义分割\语义分割\训练数据\04_archive_joint_segformer\data_prepared\prepared_side\images\de7a6d93-CRH2G_front_side.012_side.jpeg,CRH2G_front_side.012,side,pipeline_1080,prepared_side,de7a6d93
side_dec74203,F:\大三下学期\培养方案\保研\康国梁老师\语义分割\语义分割\训练数据\04_archive_joint_segformer\data_prepared\prepared_side\images\dec74203-CJ1_-_10_-FrontSide_side.jpg,CJ1_-_10_-FrontSide,side,pipeline_1080,prepared_side,dec74203
side_df393a23,F:\大三下学期\培养方案\保研\康国梁老师\语义分割\语义分割\训练数据\04_archive_joint_segformer\data_prepared\prepared_side\images\df393a23-CRH380AJ_front_side.010_side.jpeg,CRH380AJ_front_side.010,side,pipeline_1080,prepared_side,df393a23
side_df39609d,F:\大三下学期\培养方案\保研\康国梁老师\语义分割\语义分割\训练数据\04_archive_joint_segformer\data_prepared\prepared_side\images\df39609d-CRH2C_front_side.001_side.jpeg,CRH2C_front_side.001,side,pipeline_1080,prepared_side,df39609d
side_df883c6b,F:\大三下学期\培养方案\保研\康国梁老师\语义分割\语义分割\训练数据\04_archive_joint_segformer\data_prepared\prepared_side\images\df883c6b-NZJ2-Side_Front_side.jpg,NZJ2-Side_Front,side,pipeline_1080,prepared_side,df883c6b
side_dfff9f2f,F:\大三下学期\培养方案\保研\康国梁老师\语义分割\语义分割\训练数据\04_archive_joint_segformer\data_prepared\prepared_side\images\dfff9f2f-CR400BF_5-Side_Front_side.jpg,CR400BF_5-Side_Front,side,pipeline_1080,prepared_side,dfff9f2f
side_e013e331,F:\大三下学期\培养方案\保研\康国梁老师\语义分割\语义分割\训练数据\04_archive_joint_segformer\data_prepared\prepared_side\images\e013e331-CRH2J-0205-Side_Front_side.jpg,CRH2J-0205-Side_Front,side,pipeline_1080,prepared_side,e013e331
side_e01b87b7,F:\大三下学期\培养方案\保研\康国梁老师\语义分割\语义分割\训练数据\04_archive_joint_segformer\data_prepared\prepared_side\images\e01b87b7-CRH3C-06-FrontSide_side.jpeg,CRH3C-06-FrontSide,side,pipeline_1080,prepared_side,e01b87b7
side_e099bfe4,F:\大三下学期\培养方案\保研\康国梁老师\语义分割\语义分割\训练数据\04_archive_joint_segformer\data_prepared\prepared_side\images\e099bfe4-KDZ1A_17_FrontSide_side.jpg,KDZ1A_17_FrontSide,side,pipeline_1080,prepared_side,e099bfe4
side_e0ae7751,F:\大三下学期\培养方案\保研\康国梁老师\语义分割\语义分割\训练数据\04_archive_joint_segformer\data_prepared\prepared_side\images\e0ae7751-CR200J-B_26_FrontSide_side.jpg,CR200J-B_26_FrontSide,side,pipeline_1080,prepared_side,e0ae7751
side_e0c08f1a,F:\大三下学期\培养方案\保研\康国梁老师\语义分割\语义分割\训练数据\04_archive_joint_segformer\data_prepared\prepared_side\images\e0c08f1a-CJ5_-_0505_-_04_-_FrontSide_side.jpg,CJ5_-_0505_-_04_-_FrontSide,side,pipeline_1080,prepared_side,e0c08f1a
side_e1214f48,F:\大三下学期\培养方案\保研\康国梁老师\语义分割\语义分割\训练数据\04_archive_joint_segformer\data_prepared\prepared_side\images\e1214f48-CRH0307-0001-01-FrontSide_side.jpeg,CRH0307-0001-01-FrontSide,side,pipeline_1080,prepared_side,e1214f48
side_e1331146,F:\大三下学期\培养方案\保研\康国梁老师\语义分割\语义分割\训练数据\04_archive_joint_segformer\data_prepared\prepared_side\images\e1331146-C300BF-K-0001-06-FrontSide_side.jpeg,C300BF-K-0001-06-FrontSide,side,pipeline_1080,prepared_side,e1331146
side_e199935e,F:\大三下学期\培养方案\保研\康国梁老师\语义分割\语义分割\训练数据\04_archive_joint_segformer\data_prepared\prepared_side\images\e199935e-CR450AF_25_FrontSide_side.jpg,CR450AF_25_FrontSide,side,pipeline_1080,prepared_side,e199935e
side_e1b067e9,F:\大三下学期\培养方案\保研\康国梁老师\语义分割\语义分割\训练数据\04_archive_joint_segformer\data_prepared\prepared_side\images\e1b067e9-CR400BF-J-0003-04-FrontSide_side.jpeg,CR400BF-J-0003-04-FrontSide,side,pipeline_1080,prepared_side,e1b067e9
side_e20f5e0e,F:\大三下学期\培养方案\保研\康国梁老师\语义分割\语义分割\训练数据\04_archive_joint_segformer\data_prepared\prepared_side\images\e20f5e0e-CR200J-B_03_FrontSide_side.jpg,CR200J-B_03_FrontSide,side,pipeline_1080,prepared_side,e20f5e0e
side_e230d8b2,F:\大三下学期\培养方案\保研\康国梁老师\语义分割\语义分割\训练数据\04_archive_joint_segformer\data_prepared\prepared_side\images\e230d8b2-CRH380BL_01-Side_Front_side.jpg,CRH380BL_01-Side_Front,side,pipeline_1080,prepared_side,e230d8b2
side_e242cab0,F:\大三下学期\培养方案\保研\康国梁老师\语义分割\语义分割\训练数据\04_archive_joint_segformer\data_prepared\prepared_side\images\e242cab0-CRH1E_NEW_1-Side_Front_side.jpg,CRH1E_NEW_1-Side_Front,side,pipeline_1080,prepared_side,e242cab0
side_e24edc48,F:\大三下学期\培养方案\保研\康国梁老师\语义分割\语义分割\训练数据\04_archive_joint_segformer\data_prepared\prepared_side\images\e24edc48-CR450AF_31_FrontSide_side.jpg,CR450AF_31_FrontSide,side,pipeline_1080,prepared_side,e24edc48
side_e25ab243,F:\大三下学期\培养方案\保研\康国梁老师\语义分割\语义分割\训练数据\04_archive_joint_segformer\data_prepared\prepared_side\images\e25ab243-CRH380D_06-Side_Front_side.jpg,CRH380D_06-Side_Front,side,pipeline_1080,prepared_side,e25ab243
side_e3955a06,F:\大三下学期\培养方案\保研\康国梁老师\语义分割\语义分割\训练数据\04_archive_joint_segformer\data_prepared\prepared_side\images\e3955a06-CRH380AL_front_side.001_side.jpeg,CRH380AL_front_side.001,side,pipeline_1080,prepared_side,e3955a06
side_e3a8b735,F:\大三下学期\培养方案\保研\康国梁老师\语义分割\语义分割\训练数据\04_archive_joint_segformer\data_prepared\prepared_side\images\e3a8b735-CRH2A_4-Side_Front_side.jpg,CRH2A_4-Side_Front,side,pipeline_1080,prepared_side,e3a8b735
side_e3b4afa2,F:\大三下学期\培养方案\保研\康国梁老师\语义分割\语义分割\训练数据\04_archive_joint_segformer\data_prepared\prepared_side\images\e3b4afa2-CRH2E_front_side.009_side.jpeg,CRH2E_front_side.009,side,pipeline_1080,prepared_side,e3b4afa2
side_e3ca4a42,F:\大三下学期\培养方案\保研\康国梁老师\语义分割\语义分割\训练数据\04_archive_joint_segformer\data_prepared\prepared_side\images\e3ca4a42-CRH2H_front_side.009_side.jpeg,CRH2H_front_side.009,side,pipeline_1080,prepared_side,e3ca4a42
side_e42fa9f6,F:\大三下学期\培养方案\保研\康国梁老师\语义分割\语义分割\训练数据\04_archive_joint_segformer\data_prepared\prepared_side\images\e42fa9f6-CRH2A_9-Side_Front_side.jpg,CRH2A_9-Side_Front,side,pipeline_1080,prepared_side,e42fa9f6
side_e457b93f,F:\大三下学期\培养方案\保研\康国梁老师\语义分割\语义分割\训练数据\04_archive_joint_segformer\data_prepared\prepared_side\images\e457b93f-CRH2B_5-Side_Front_side.jpg,CRH2B_5-Side_Front,side,pipeline_1080,prepared_side,e457b93f
side_e481c2ca,F:\大三下学期\培养方案\保研\康国梁老师\语义分割\语义分割\训练数据\04_archive_joint_segformer\data_prepared\prepared_side\images\e481c2ca-C300BF-K-0001-08-FrontSide_side.jpeg,C300BF-K-0001-08-FrontSide,side,pipeline_1080,prepared_side,e481c2ca
side_e48ee024,F:\大三下学期\培养方案\保研\康国梁老师\语义分割\语义分割\训练数据\04_archive_joint_segformer\data_prepared\prepared_side\images\e48ee024-CRH2_6-Side_Front_side.jpg,CRH2_6-Side_Front,side,pipeline_1080,prepared_side,e48ee024
side_e499ed21,F:\大三下学期\培养方案\保研\康国梁老师\语义分割\语义分割\训练数据\04_archive_joint_segformer\data_prepared\prepared_side\images\e499ed21-CR400BF-C-5144-Side_Front_side.jpg,CR400BF-C-5144-Side_Front,side,pipeline_1080,prepared_side,e499ed21
side_e4a4650b,F:\大三下学期\培养方案\保研\康国梁老师\语义分割\语义分割\训练数据\04_archive_joint_segformer\data_prepared\prepared_side\images\e4a4650b-CR400BF_12_FrontSide_side.jpg,CR400BF_12_FrontSide,side,pipeline_1080,prepared_side,e4a4650b
side_e4d117a2,F:\大三下学期\培养方案\保研\康国梁老师\语义分割\语义分割\训练数据\04_archive_joint_segformer\data_prepared\prepared_side\images\e4d117a2-CR450AF_16_FrontSide_side.jpg,CR450AF_16_FrontSide,side,pipeline_1080,prepared_side,e4d117a2
side_e4e6f468,F:\大三下学期\培养方案\保研\康国梁老师\语义分割\语义分割\训练数据\04_archive_joint_segformer\data_prepared\prepared_side\images\e4e6f468-CRH380B0_09-Side_Front_side.jpg,CRH380B0_09-Side_Front,side,pipeline_1080,prepared_side,e4e6f468
side_e4fae8f4,F:\大三下学期\培养方案\保研\康国梁老师\语义分割\语义分割\训练数据\04_archive_joint_segformer\data_prepared\prepared_side\images\e4fae8f4-CRH6F-4003-Side_Front_side.jpg,CRH6F-4003-Side_Front,side,pipeline_1080,prepared_side,e4fae8f4
side_e5135878,F:\大三下学期\培养方案\保研\康国梁老师\语义分割\语义分割\训练数据\04_archive_joint_segformer\data_prepared\prepared_side\images\e5135878-CRH380AJ_front_side.005_side.jpeg,CRH380AJ_front_side.005,side,pipeline_1080,prepared_side,e5135878
side_e54d135b,F:\大三下学期\培养方案\保研\康国梁老师\语义分割\语义分割\训练数据\04_archive_joint_segformer\data_prepared\prepared_side\images\e54d135b-KDZ1A_08_FrontSide_side.jpg,KDZ1A_08_FrontSide,side,pipeline_1080,prepared_side,e54d135b
side_e5f822d2,F:\大三下学期\培养方案\保研\康国梁老师\语义分割\语义分割\训练数据\04_archive_joint_segformer\data_prepared\prepared_side\images\e5f822d2-CRH380AJ_front_side.016_side.jpeg,CRH380AJ_front_side.016,side,pipeline_1080,prepared_side,e5f822d2
side_e61b2a71,F:\大三下学期\培养方案\保研\康国梁老师\语义分割\语义分割\训练数据\04_archive_joint_segformer\data_prepared\prepared_side\images\e61b2a71-CRH2H_front_side.007_side.jpeg,CRH2H_front_side.007,side,pipeline_1080,prepared_side,e61b2a71
side_e65d9c62,F:\大三下学期\培养方案\保研\康国梁老师\语义分割\语义分割\训练数据\04_archive_joint_segformer\data_prepared\prepared_side\images\e65d9c62-CRH380AL_front_side.009_side.jpeg,CRH380AL_front_side.009,side,pipeline_1080,prepared_side,e65d9c62
side_e6641cdc,F:\大三下学期\培养方案\保研\康国梁老师\语义分割\语义分割\训练数据\04_archive_joint_segformer\data_prepared\prepared_side\images\e6641cdc-CRH380A_10-Side_Front_side.jpg,CRH380A_10-Side_Front,side,pipeline_1080,prepared_side,e6641cdc
side_e68f7336,F:\大三下学期\培养方案\保研\康国梁老师\语义分割\语义分割\训练数据\04_archive_joint_segformer\data_prepared\prepared_side\images\e68f7336-CRH2C_front_side.005_side.jpeg,CRH2C_front_side.005,side,pipeline_1080,prepared_side,e68f7336
side_e696b62d,F:\大三下学期\培养方案\保研\康国梁老师\语义分割\语义分割\训练数据\04_archive_joint_segformer\data_prepared\prepared_side\images\e696b62d-DDJ2_07_Front_Side_side.jpg,DDJ2_07_Front_Side,side,pipeline_1080,prepared_side,e696b62d
side_e6d644f6,F:\大三下学期\培养方案\保研\康国梁老师\语义分割\语义分割\训练数据\04_archive_joint_segformer\data_prepared\prepared_side\images\e6d644f6-CRH2_1-Side_Front_side.jpg,CRH2_1-Side_Front,side,pipeline_1080,prepared_side,e6d644f6
side_e71f95d0,F:\大三下学期\培养方案\保研\康国梁老师\语义分割\语义分割\训练数据\04_archive_joint_segformer\data_prepared\prepared_side\images\e71f95d0-KDZ1A_15_FrontSide_side.jpg,KDZ1A_15_FrontSide,side,pipeline_1080,prepared_side,e71f95d0
side_e8083083,F:\大三下学期\培养方案\保研\康国梁老师\语义分割\语义分割\训练数据\04_archive_joint_segformer\data_prepared\prepared_side\images\e8083083-CR400BF-J-0001-Side_Front_side.jpg,CR400BF-J-0001-Side_Front,side,pipeline_1080,prepared_side,e8083083
side_e843c1cc,F:\大三下学期\培养方案\保研\康国梁老师\语义分割\语义分割\训练数据\04_archive_joint_segformer\data_prepared\prepared_side\images\e843c1cc-CRH1E_2-Side_Front_side.jpg,CRH1E_2-Side_Front,side,pipeline_1080,prepared_side,e843c1cc
side_e8884abf,F:\大三下学期\培养方案\保研\康国梁老师\语义分割\语义分割\训练数据\04_archive_joint_segformer\data_prepared\prepared_side\images\e8884abf-CR200J-B_11_FrontSide_side.jpg,CR200J-B_11_FrontSide,side,pipeline_1080,prepared_side,e8884abf
side_e88cdf49,F:\大三下学期\培养方案\保研\康国梁老师\语义分割\语义分割\训练数据\04_archive_joint_segformer\data_prepared\prepared_side\images\e88cdf49-CRH3C-Side_Front_side.jpg,CRH3C-Side_Front,side,pipeline_1080,prepared_side,e88cdf49
side_e8c67e93,F:\大三下学期\培养方案\保研\康国梁老师\语义分割\语义分割\训练数据\04_archive_joint_segformer\data_prepared\prepared_side\images\e8c67e93-DDJ1_06_Front_Side_side.jpg,DDJ1_06_Front_Side,side,pipeline_1080,prepared_side,e8c67e93
side_e8cad973,F:\大三下学期\培养方案\保研\康国梁老师\语义分割\语义分割\训练数据\04_archive_joint_segformer\data_prepared\prepared_side\images\e8cad973-CRH5-001A-04-FrontSide_side.jpeg,CRH5-001A-04-FrontSide,side,pipeline_1080,prepared_side,e8cad973
side_ea59aeb2,F:\大三下学期\培养方案\保研\康国梁老师\语义分割\语义分割\训练数据\04_archive_joint_segformer\data_prepared\prepared_side\images\ea59aeb2-KDZ1A_06_FrontSide_side.jpg,KDZ1A_06_FrontSide,side,pipeline_1080,prepared_side,ea59aeb2
side_eac0687f,F:\大三下学期\培养方案\保研\康国梁老师\语义分割\语义分割\训练数据\04_archive_joint_segformer\data_prepared\prepared_side\images\eac0687f-CR200J1-04-FrontSide_side.jpeg,CR200J1-04-FrontSide,side,pipeline_1080,prepared_side,eac0687f
side_eae1659d,F:\大三下学期\培养方案\保研\康国梁老师\语义分割\语义分割\训练数据\04_archive_joint_segformer\data_prepared\prepared_side\images\eae1659d-NZJ_10_Frontside_side.jpg,NZJ_10_Frontside,side,pipeline_1080,prepared_side,eae1659d
side_eaf95006,F:\大三下学期\培养方案\保研\康国梁老师\语义分割\语义分割\训练数据\04_archive_joint_segformer\data_prepared\prepared_side\images\eaf95006-CR400BF_27_FrontSide_side.jpg,CR400BF_27_FrontSide,side,pipeline_1080,prepared_side,eaf95006
side_eb6a8b70,F:\大三下学期\培养方案\保研\康国梁老师\语义分割\语义分割\训练数据\04_archive_joint_segformer\data_prepared\prepared_side\images\eb6a8b70-CRH5-001A-09-FrontSide_side.jpeg,CRH5-001A-09-FrontSide,side,pipeline_1080,prepared_side,eb6a8b70
side_ec56eed2,F:\大三下学期\培养方案\保研\康国梁老师\语义分割\语义分割\训练数据\04_archive_joint_segformer\data_prepared\prepared_side\images\ec56eed2-CRH380G_05-Side_Front_side.jpg,CRH380G_05-Side_Front,side,pipeline_1080,prepared_side,ec56eed2
side_ec772f85,F:\大三下学期\培养方案\保研\康国梁老师\语义分割\语义分割\训练数据\04_archive_joint_segformer\data_prepared\prepared_side\images\ec772f85-CRH380BL_10-Side_Front_side.jpg,CRH380BL_10-Side_Front,side,pipeline_1080,prepared_side,ec772f85
side_eca2dd71,F:\大三下学期\培养方案\保研\康国梁老师\语义分割\语义分割\训练数据\04_archive_joint_segformer\data_prepared\prepared_side\images\eca2dd71-CR200J_D_09_FrontSide_side.jpg,CR200J_D_09_FrontSide,side,pipeline_1080,prepared_side,eca2dd71
side_ecc9f1d9,F:\大三下学期\培养方案\保研\康国梁老师\语义分割\语义分割\训练数据\04_archive_joint_segformer\data_prepared\prepared_side\images\ecc9f1d9-CRH6A-0618-Side_Front_side.jpg,CRH6A-0618-Side_Front,side,pipeline_1080,prepared_side,ecc9f1d9
side_ee4aed79,F:\大三下学期\培养方案\保研\康国梁老师\语义分割\语义分割\训练数据\04_archive_joint_segformer\data_prepared\prepared_side\images\ee4aed79-CR200J_D_02_FrontSide_side.jpg,CR200J_D_02_FrontSide,side,pipeline_1080,prepared_side,ee4aed79
side_ee9e4240,F:\大三下学期\培养方案\保研\康国梁老师\语义分割\语义分割\训练数据\04_archive_joint_segformer\data_prepared\prepared_side\images\ee9e4240-C400BF-K-0001-01-FrontSide.008_side.jpeg,C400BF-K-0001-01-FrontSide.008,side,pipeline_1080,prepared_side,ee9e4240
side_eefcba6e,F:\大三下学期\培养方案\保研\康国梁老师\语义分割\语义分割\训练数据\04_archive_joint_segformer\data_prepared\prepared_side\images\eefcba6e-CRH380B_03-Side_Front_side.jpg,CRH380B_03-Side_Front,side,pipeline_1080,prepared_side,eefcba6e
side_ef602686,F:\大三下学期\培养方案\保研\康国梁老师\语义分割\语义分割\训练数据\04_archive_joint_segformer\data_prepared\prepared_side\images\ef602686-DJF1_02_Front_Side_side.jpg,DJF1_02_Front_Side,side,pipeline_1080,prepared_side,ef602686
side_f01ac3db,F:\大三下学期\培养方案\保研\康国梁老师\语义分割\语义分割\训练数据\04_archive_joint_segformer\data_prepared\prepared_side\images\f01ac3db-CRH2B_2-Side_Front_side.jpg,CRH2B_2-Side_Front,side,pipeline_1080,prepared_side,f01ac3db
side_f02bdb68,F:\大三下学期\培养方案\保研\康国梁老师\语义分割\语义分割\训练数据\04_archive_joint_segformer\data_prepared\prepared_side\images\f02bdb68-CRH380CL-Side_Front_side.jpg,CRH380CL-Side_Front,side,pipeline_1080,prepared_side,f02bdb68
side_f1225368,F:\大三下学期\培养方案\保研\康国梁老师\语义分割\语义分割\训练数据\04_archive_joint_segformer\data_prepared\prepared_side\images\f1225368-CRH2B-Side_Front_side.jpg,CRH2B-Side_Front,side,pipeline_1080,prepared_side,f1225368
side_f16eb637,F:\大三下学期\培养方案\保研\康国梁老师\语义分割\语义分割\训练数据\04_archive_joint_segformer\data_prepared\prepared_side\images\f16eb637-CJ1_-_12_-FrontSide_side.jpg,CJ1_-_12_-FrontSide,side,pipeline_1080,prepared_side,f16eb637
side_f1e09495,F:\大三下学期\培养方案\保研\康国梁老师\语义分割\语义分割\训练数据\04_archive_joint_segformer\data_prepared\prepared_side\images\f1e09495-CRH380BL_06-Side_Front_side.jpg,CRH380BL_06-Side_Front,side,pipeline_1080,prepared_side,f1e09495
side_f25e2195,F:\大三下学期\培养方案\保研\康国梁老师\语义分割\语义分割\训练数据\04_archive_joint_segformer\data_prepared\prepared_side\images\f25e2195-CR200J-B_09_FrontSide_side.jpg,CR200J-B_09_FrontSide,side,pipeline_1080,prepared_side,f25e2195
side_f2740b72,F:\大三下学期\培养方案\保研\康国梁老师\语义分割\语义分割\训练数据\04_archive_joint_segformer\data_prepared\prepared_side\images\f2740b72-CRH380A_1-Side_Front_side.jpg,CRH380A_1-Side_Front,side,pipeline_1080,prepared_side,f2740b72
side_f2b7fbcd,F:\大三下学期\培养方案\保研\康国梁老师\语义分割\语义分割\训练数据\04_archive_joint_segformer\data_prepared\prepared_side\images\f2b7fbcd-CR200J-B_30_FrontSide_side.jpg,CR200J-B_30_FrontSide,side,pipeline_1080,prepared_side,f2b7fbcd
side_f2ef36a4,F:\大三下学期\培养方案\保研\康国梁老师\语义分割\语义分割\训练数据\04_archive_joint_segformer\data_prepared\prepared_side\images\f2ef36a4-CRH6F-A-0442-Side_Front_side.jpg,CRH6F-A-0442-Side_Front,side,pipeline_1080,prepared_side,f2ef36a4
side_f3330b3f,F:\大三下学期\培养方案\保研\康国梁老师\语义分割\语义分割\训练数据\04_archive_joint_segformer\data_prepared\prepared_side\images\f3330b3f-CRH2G_front_side.004_side.jpeg,CRH2G_front_side.004,side,pipeline_1080,prepared_side,f3330b3f
side_f358c7ee,F:\大三下学期\培养方案\保研\康国梁老师\语义分割\语义分割\训练数据\04_archive_joint_segformer\data_prepared\prepared_side\images\f358c7ee-CR200J3-Side_Front_side.jpg,CR200J3-Side_Front,side,pipeline_1080,prepared_side,f358c7ee
side_f38fad77,F:\大三下学期\培养方案\保研\康国梁老师\语义分割\语义分割\训练数据\04_archive_joint_segformer\data_prepared\prepared_side\images\f38fad77-CRH5E-Side_Front_side.jpg,CRH5E-Side_Front,side,pipeline_1080,prepared_side,f38fad77
side_f5640b9d,F:\大三下学期\培养方案\保研\康国梁老师\语义分割\语义分割\训练数据\04_archive_joint_segformer\data_prepared\prepared_side\images\f5640b9d-CJ5-0506-Side_Front_side.jpg,CJ5-0506-Side_Front,side,pipeline_1080,prepared_side,f5640b9d
side_f5dce704,F:\大三下学期\培养方案\保研\康国梁老师\语义分割\语义分割\训练数据\04_archive_joint_segformer\data_prepared\prepared_side\images\f5dce704-CRH380AJ_front_side.002_side.jpeg,CRH380AJ_front_side.002,side,pipeline_1080,prepared_side,f5dce704
side_f6448dc5,F:\大三下学期\培养方案\保研\康国梁老师\语义分割\语义分割\训练数据\04_archive_joint_segformer\data_prepared\prepared_side\images\f6448dc5-CRH380BL_09-Side_Front_side.jpg,CRH380BL_09-Side_Front,side,pipeline_1080,prepared_side,f6448dc5
side_f6b1dd73,F:\大三下学期\培养方案\保研\康国梁老师\语义分割\语义分割\训练数据\04_archive_joint_segformer\data_prepared\prepared_side\images\f6b1dd73-CRH1B_3-Side_Front_side.jpg,CRH1B_3-Side_Front,side,pipeline_1080,prepared_side,f6b1dd73
side_f6ec845a,F:\大三下学期\培养方案\保研\康国梁老师\语义分割\语义分割\训练数据\04_archive_joint_segformer\data_prepared\prepared_side\images\f6ec845a-CRH2J_front_side.008_side.jpeg,CRH2J_front_side.008,side,pipeline_1080,prepared_side,f6ec845a
side_f725a473,F:\大三下学期\培养方案\保研\康国梁老师\语义分割\语义分割\训练数据\04_archive_joint_segformer\data_prepared\prepared_side\images\f725a473-CR200J-B_04_FrontSide_side.jpg,CR200J-B_04_FrontSide,side,pipeline_1080,prepared_side,f725a473
side_f755fdf2,F:\大三下学期\培养方案\保研\康国梁老师\语义分割\语义分割\训练数据\04_archive_joint_segformer\data_prepared\prepared_side\images\f755fdf2-CRH2H_front_side.021_side.jpeg,CRH2H_front_side.021,side,pipeline_1080,prepared_side,f755fdf2
side_f7567cf2,F:\大三下学期\培养方案\保研\康国梁老师\语义分割\语义分割\训练数据\04_archive_joint_segformer\data_prepared\prepared_side\images\f7567cf2-CR200J-B_43_FrontSide_side.jpg,CR200J-B_43_FrontSide,side,pipeline_1080,prepared_side,f7567cf2
side_f7a58763,F:\大三下学期\培养方案\保研\康国梁老师\语义分割\语义分割\训练数据\04_archive_joint_segformer\data_prepared\prepared_side\images\f7a58763-CRH2C_front_side.003_side.jpeg,CRH2C_front_side.003,side,pipeline_1080,prepared_side,f7a58763
side_f7d989a9,F:\大三下学期\培养方案\保研\康国梁老师\语义分割\语义分割\训练数据\04_archive_joint_segformer\data_prepared\prepared_side\images\f7d989a9-CR400BF-0507-Side_Front_side.jpg,CR400BF-0507-Side_Front,side,pipeline_1080,prepared_side,f7d989a9
side_f818b30d,F:\大三下学期\培养方案\保研\康国梁老师\语义分割\语义分割\训练数据\04_archive_joint_segformer\data_prepared\prepared_side\images\f818b30d-CRH380AJ_front_side.020_side.jpeg,CRH380AJ_front_side.020,side,pipeline_1080,prepared_side,f818b30d
side_f846c3cf,F:\大三下学期\培养方案\保研\康国梁老师\语义分割\语义分割\训练数据\04_archive_joint_segformer\data_prepared\prepared_side\images\f846c3cf-CR200J-B_23_FrontSide_side.jpg,CR200J-B_23_FrontSide,side,pipeline_1080,prepared_side,f846c3cf
side_f89dcc52,F:\大三下学期\培养方案\保研\康国梁老师\语义分割\语义分割\训练数据\04_archive_joint_segformer\data_prepared\prepared_side\images\f89dcc52-CR450AF_17_FrontSide_side.jpg,CR450AF_17_FrontSide,side,pipeline_1080,prepared_side,f89dcc52
side_f90b1dd0,F:\大三下学期\培养方案\保研\康国梁老师\语义分割\语义分割\训练数据\04_archive_joint_segformer\data_prepared\prepared_side\images\f90b1dd0-C400BF-K-0001-01-FrontSide.001_side.jpeg,C400BF-K-0001-01-FrontSide.001,side,pipeline_1080,prepared_side,f90b1dd0
side_f970f14d,F:\大三下学期\培养方案\保研\康国梁老师\语义分割\语义分割\训练数据\04_archive_joint_segformer\data_prepared\prepared_side\images\f970f14d-CR450AF_29_FrontSide_side.jpg,CR450AF_29_FrontSide,side,pipeline_1080,prepared_side,f970f14d
side_f97c2b6e,F:\大三下学期\培养方案\保研\康国梁老师\语义分割\语义分割\训练数据\04_archive_joint_segformer\data_prepared\prepared_side\images\f97c2b6e-CRH380G_09-Side_Front_side.jpg,CRH380G_09-Side_Front,side,pipeline_1080,prepared_side,f97c2b6e
side_f9d43a75,F:\大三下学期\培养方案\保研\康国梁老师\语义分割\语义分割\训练数据\04_archive_joint_segformer\data_prepared\prepared_side\images\f9d43a75-CR400BF-J-0003-06-FrontSide_side.jpeg,CR400BF-J-0003-06-FrontSide,side,pipeline_1080,prepared_side,f9d43a75
side_f9f2436e,F:\大三下学期\培养方案\保研\康国梁老师\语义分割\语义分割\训练数据\04_archive_joint_segformer\data_prepared\prepared_side\images\f9f2436e-KDZ1A-Side_Front_side.jpg,KDZ1A-Side_Front,side,pipeline_1080,prepared_side,f9f2436e
side_fb32fca6,F:\大三下学期\培养方案\保研\康国梁老师\语义分割\语义分割\训练数据\04_archive_joint_segformer\data_prepared\prepared_side\images\fb32fca6-CR200J-Side_Front_side.jpg,CR200J-Side_Front,side,pipeline_1080,prepared_side,fb32fca6
side_fb48707a,F:\大三下学期\培养方案\保研\康国梁老师\语义分割\语义分割\训练数据\04_archive_joint_segformer\data_prepared\prepared_side\images\fb48707a-CJ5_-_0505_-_06_-_FrontSide_side.jpg,CJ5_-_0505_-_06_-_FrontSide,side,pipeline_1080,prepared_side,fb48707a
side_fb7ac7ca,F:\大三下学期\培养方案\保研\康国梁老师\语义分割\语义分割\训练数据\04_archive_joint_segformer\data_prepared\prepared_side\images\fb7ac7ca-C400BF-K-0001-01-FrontSide.003_side.jpeg,C400BF-K-0001-01-FrontSide.003,side,pipeline_1080,prepared_side,fb7ac7ca
side_fbbd87b0,F:\大三下学期\培养方案\保研\康国梁老师\语义分割\语义分割\训练数据\04_archive_joint_segformer\data_prepared\prepared_side\images\fbbd87b0-CRH6A_06_FrontSide_side.jpg,CRH6A_06_FrontSide,side,pipeline_1080,prepared_side,fbbd87b0
side_fbef5b94,F:\大三下学期\培养方案\保研\康国梁老师\语义分割\语义分割\训练数据\04_archive_joint_segformer\data_prepared\prepared_side\images\fbef5b94-CR200J-B_10_FrontSide_side.jpg,CR200J-B_10_FrontSide,side,pipeline_1080,prepared_side,fbef5b94
side_fbfd9c89,F:\大三下学期\培养方案\保研\康国梁老师\语义分割\语义分割\训练数据\04_archive_joint_segformer\data_prepared\prepared_side\images\fbfd9c89-CRH1E_NEW_7-Side_Front_side.jpg,CRH1E_NEW_7-Side_Front,side,pipeline_1080,prepared_side,fbfd9c89
side_fc04f4f4,F:\大三下学期\培养方案\保研\康国梁老师\语义分割\语义分割\训练数据\04_archive_joint_segformer\data_prepared\prepared_side\images\fc04f4f4-CJ2_-_08_-_FrontSide_side.png,CJ2_-_08_-_FrontSide,side,pipeline_1080,prepared_side,fc04f4f4
side_fc28c831,F:\大三下学期\培养方案\保研\康国梁老师\语义分割\语义分割\训练数据\04_archive_joint_segformer\data_prepared\prepared_side\images\fc28c831-CRH3A_06-Side_Front_side.jpg,CRH3A_06-Side_Front,side,pipeline_1080,prepared_side,fc28c831
side_fc4ce755,F:\大三下学期\培养方案\保研\康国梁老师\语义分割\语义分割\训练数据\04_archive_joint_segformer\data_prepared\prepared_side\images\fc4ce755-CRH0307-0001-03-FrontSide_side.jpeg,CRH0307-0001-03-FrontSide,side,pipeline_1080,prepared_side,fc4ce755
side_fc614ac2,F:\大三下学期\培养方案\保研\康国梁老师\语义分割\语义分割\训练数据\04_archive_joint_segformer\data_prepared\prepared_side\images\fc614ac2-CRH380BG-Side_Front_side.jpg,CRH380BG-Side_Front,side,pipeline_1080,prepared_side,fc614ac2
side_fccd4809,F:\大三下学期\培养方案\保研\康国梁老师\语义分割\语义分割\训练数据\04_archive_joint_segformer\data_prepared\prepared_side\images\fccd4809-CR400BF_6-Side_Front_side.jpg,CR400BF_6-Side_Front,side,pipeline_1080,prepared_side,fccd4809
side_fcec73b9,F:\大三下学期\培养方案\保研\康国梁老师\语义分割\语义分割\训练数据\04_archive_joint_segformer\data_prepared\prepared_side\images\fcec73b9-CR300AF-0001-Side_Front_side.jpg,CR300AF-0001-Side_Front,side,pipeline_1080,prepared_side,fcec73b9
side_fd1ca7c1,F:\大三下学期\培养方案\保研\康国梁老师\语义分割\语义分割\训练数据\04_archive_joint_segformer\data_prepared\prepared_side\images\fd1ca7c1-CRH5-001A-06-FrontSide_side.jpeg,CRH5-001A-06-FrontSide,side,pipeline_1080,prepared_side,fd1ca7c1
side_fd6666fb,F:\大三下学期\培养方案\保研\康国梁老师\语义分割\语义分割\训练数据\04_archive_joint_segformer\data_prepared\prepared_side\images\fd6666fb-CRH380CL_02-Side_Front_side.jpg,CRH380CL_02-Side_Front,side,pipeline_1080,prepared_side,fd6666fb
side_fdeddb7c,F:\大三下学期\培养方案\保研\康国梁老师\语义分割\语义分割\训练数据\04_archive_joint_segformer\data_prepared\prepared_side\images\fdeddb7c-CR450AF_05_FrontSide_side.jpg,CR450AF_05_FrontSide,side,pipeline_1080,prepared_side,fdeddb7c
side_fdf7f50f,F:\大三下学期\培养方案\保研\康国梁老师\语义分割\语义分割\训练数据\04_archive_joint_segformer\data_prepared\prepared_side\images\fdf7f50f-CRH380A0-Side_Front_side.jpg,CRH380A0-Side_Front,side,pipeline_1080,prepared_side,fdf7f50f
side_fea8ad4a,F:\大三下学期\培养方案\保研\康国梁老师\语义分割\语义分割\训练数据\04_archive_joint_segformer\data_prepared\prepared_side\images\fea8ad4a-CR300AF-0003_-_04_-_FrontSide_side.jpg,CR300AF-0003_-_04_-_FrontSide,side,pipeline_1080,prepared_side,fea8ad4a
side_ff8a8023,F:\大三下学期\培养方案\保研\康国梁老师\语义分割\语义分割\训练数据\04_archive_joint_segformer\data_prepared\prepared_side\images\ff8a8023-CRH2C_front_side.010_side.jpeg,CRH2C_front_side.010,side,pipeline_1080,prepared_side,ff8a8023
side_ff9e9bf2,F:\大三下学期\培养方案\保研\康国梁老师\语义分割\语义分割\训练数据\04_archive_joint_segformer\data_prepared\prepared_side\images\ff9e9bf2-C300BF-K-0001-Side_Front_side.jpg,C300BF-K-0001-Side_Front,side,pipeline_1080,prepared_side,ff9e9bf2
side_ff9ec71b,F:\大三下学期\培养方案\保研\康国梁老师\语义分割\语义分割\训练数据\04_archive_joint_segformer\data_prepared\prepared_side\images\ff9ec71b-CR400BF-Z-0524-Side_Front_side.jpg,CR400BF-Z-0524-Side_Front,side,pipeline_1080,prepared_side,ff9ec71b
